KLIJENT_ID,KLIJENTIME,KLIJENTJIB,VREMEKNJIZSTR,VREMEKNJIZENJA,DTYPE,REGOZNIZLAZ,VREMEIZLAZ,RELACIJA,PRODMESTO,IZNOSDUGUJE,DATUMVALUTE,MEDIJUMPID,SERBRTAGA,VREMEULAZ,DATUM_KNJIZENJA,DATUM_VALUTE,VREME_NAPLATE,VREME_ULAZ
171014,"JugoExsim d.o.o. Beograd-Novi Beograd",109465772,03.01.2022.,2022-01-03T05:27:43.884+01:00,NaplataPutarine,81FP156,2022-01-03T05:27:38.000+01:00,"Pirot istok - Beograd",,7280,2022-01-03T05:27:38.000+01:00,425307783,19221102155,2022-01-02T15:42:34.000+01:00,03.01.2022.,03.01.2022.,"03.01.2022 05:27:38","02.01.2022 15:42:34"
171014,"JugoExsim d.o.o. Beograd-Novi Beograd",109465772,03.01.2022.,2022-01-03T07:02:43.093+01:00,NaplataPutarine,81FP156,2022-01-03T07:02:40.000+01:00,"Šimanovci - Šid",,2580,2022-01-03T07:02:40.000+01:00,425307783,19221102155,2022-01-03T06:10:32.000+01:00,03.01.2022.,03.01.2022.,"03.01.2022 07:02:40","03.01.2022 06:10:32"
171014,"JugoExsim d.o.o. Beograd-Novi Beograd",109465772,03.01.2022.,2022-01-03T17:53:43.321+01:00,NaplataPutarine,14GF916,2022-01-03T17:53:40.000+01:00,"Šid - Šimanovci",,2580,2022-01-03T17:53:40.000+01:00,425307794,19221102262,2022-01-03T15:23:50.000+01:00,03.01.2022.,03.01.2022.,"03.01.2022 17:53:40","03.01.2022 15:23:50"
171014,"JugoExsim d.o.o. Beograd-Novi Beograd",109465772,03.01.2022.,2022-01-03T02:16:56.030+01:00,NaplataPutarine,34GG7348,2022-01-03T02:16:52.000+01:00,"Šimanovci - Šid",,2580,2022-01-03T02:16:52.000+01:00,425307814,19221102460,2022-01-03T01:23:28.000+01:00,03.01.2022.,03.01.2022.,"03.01.2022 02:16:52","03.01.2022 01:23:28"
171014,"JugoExsim d.o.o. Beograd-Novi Beograd",109465772,03.01.2022.,2022-01-03T10:07:36.839+01:00,NaplataPutarine,42ADP032,2022-01-03T10:07:34.000+01:00,"Šid - Šimanovci",,2580,2022-01-03T10:07:34.000+01:00,425307823,19221102551,2022-01-03T08:12:18.000+01:00,03.01.2022.,03.01.2022.,"03.01.2022 10:07:34","03.01.2022 08:12:18"
171014,"JugoExsim d.o.o. Beograd-Novi Beograd",109465772,03.01.2022.,2022-01-03T11:57:32.973+01:00,NaplataPutarine,42ADP032,2022-01-03T11:57:32.000+01:00,"Beograd - Mali Požarevac",,460,2022-01-03T11:57:32.000+01:00,425307823,19221102551,2022-01-03T11:47:06.000+01:00,03.01.2022.,03.01.2022.,"03.01.2022 11:57:32","03.01.2022 11:47:06"
171014,"JugoExsim d.o.o. Beograd-Novi Beograd",109465772,03.01.2022.,2022-01-03T19:53:45.663+01:00,NaplataPutarine,CT9692BH,2022-01-03T19:53:42.000+01:00,"Dimitrovgrad - Beograd",,7860,2022-01-03T19:53:42.000+01:00,425307828,19221102601,2022-01-03T15:35:10.000+01:00,03.01.2022.,03.01.2022.,"03.01.2022 19:53:42","03.01.2022 15:35:10"
171014,"JugoExsim d.o.o. Beograd-Novi Beograd",109465772,03.01.2022.,2022-01-03T22:21:08.055+01:00,NaplataPutarine,CT9692BH,2022-01-03T22:21:06.000+01:00,"Šimanovci - Šid",,2580,2022-01-03T22:21:06.000+01:00,425307828,19221102601,2022-01-03T20:39:06.000+01:00,03.01.2022.,03.01.2022.,"03.01.2022 22:21:06","03.01.2022 20:39:06"
171014,"JugoExsim d.o.o. Beograd-Novi Beograd",109465772,03.01.2022.,2022-01-03T07:19:26.459+01:00,NaplataPutarine,UE082RB,2022-01-03T07:19:20.000+01:00,"Preljina - Obrenovac",,2560,2022-01-03T07:19:20.000+01:00,425311552,19221139843,2022-01-03T06:15:54.000+01:00,03.01.2022.,03.01.2022.,"03.01.2022 07:19:20","03.01.2022 06:15:54"
171014,"JugoExsim d.o.o. Beograd-Novi Beograd",109465772,03.01.2022.,2022-01-03T15:10:47.063+01:00,NaplataPutarine,UE082RB,2022-01-03T15:10:44.000+01:00,"Obrenovac - Preljina",,2560,2022-01-03T15:10:44.000+01:00,425311552,19221139843,2022-01-03T13:10:34.000+01:00,03.01.2022.,03.01.2022.,"03.01.2022 15:10:44","03.01.2022 13:10:34"
171014,"JugoExsim d.o.o. Beograd-Novi Beograd",109465772,03.01.2022.,2022-01-03T07:22:04.644+01:00,NaplataPutarine,34KN6385,2022-01-03T07:22:02.000+01:00,"Niš Malča - Beograd",,5690,2022-01-03T07:22:02.000+01:00,425311603,19221140353,2022-01-03T04:46:20.000+01:00,03.01.2022.,03.01.2022.,"03.01.2022 07:22:02","03.01.2022 04:46:20"
171014,"JugoExsim d.o.o. Beograd-Novi Beograd",109465772,03.01.2022.,2022-01-03T09:45:11.720+01:00,NaplataPutarine,34KN6385,2022-01-03T09:45:06.000+01:00,"Šimanovci - Adaševci",,2300,2022-01-03T09:45:06.000+01:00,425311603,19221140353,2022-01-03T08:04:10.000+01:00,03.01.2022.,03.01.2022.,"03.01.2022 09:45:06","03.01.2022 08:04:10"
171014,"JugoExsim d.o.o. Beograd-Novi Beograd",109465772,03.01.2022.,2022-01-03T05:47:28.618+01:00,NaplataPutarine,42CBG89,2022-01-03T05:47:26.000+01:00,"Niš Malča - Beograd",,5690,2022-01-03T05:47:26.000+01:00,425311634,19221140668,2022-01-03T03:11:42.000+01:00,03.01.2022.,03.01.2022.,"03.01.2022 05:47:26","03.01.2022 03:11:42"
171014,"JugoExsim d.o.o. Beograd-Novi Beograd",109465772,03.01.2022.,2022-01-03T08:35:13.322+01:00,NaplataPutarine,42CBG89,2022-01-03T08:35:10.000+01:00,"Šimanovci - Šid",,2580,2022-01-03T08:35:10.000+01:00,425311634,19221140668,2022-01-03T07:42:20.000+01:00,03.01.2022.,03.01.2022.,"03.01.2022 08:35:10","03.01.2022 07:42:20"
171014,"JugoExsim d.o.o. Beograd-Novi Beograd",109465772,03.01.2022.,2022-01-03T07:02:16.057+01:00,NaplataPutarine,34KB8183,2022-01-03T07:02:10.000+01:00,"Dimitrovgrad - Niš Malča",,2160,2022-01-03T07:02:10.000+01:00,425311660,19221140924,2022-01-03T06:07:08.000+01:00,03.01.2022.,03.01.2022.,"03.01.2022 07:02:10","03.01.2022 06:07:08"
171014,"JugoExsim d.o.o. Beograd-Novi Beograd",109465772,03.01.2022.,2022-01-03T20:59:21.902+01:00,NaplataPutarine,34KB8183,2022-01-03T20:59:16.000+01:00,"Niš Malča - Beograd",,5690,2022-01-03T20:59:16.000+01:00,425311660,19221140924,2022-01-03T18:26:28.000+01:00,03.01.2022.,03.01.2022.,"03.01.2022 20:59:16","03.01.2022 18:26:28"
171014,"JugoExsim d.o.o. Beograd-Novi Beograd",109465772,03.01.2022.,2022-01-03T22:35:23.408+01:00,NaplataPutarine,34KB8183,2022-01-03T22:35:20.000+01:00,"Šimanovci - Šid",,2580,2022-01-03T22:35:20.000+01:00,425311660,19221140924,2022-01-03T21:43:24.000+01:00,03.01.2022.,03.01.2022.,"03.01.2022 22:35:20","03.01.2022 21:43:24"
171014,"JugoExsim d.o.o. Beograd-Novi Beograd",109465772,03.01.2022.,2022-01-03T00:09:41.329+01:00,NaplataPutarine,34HY2682,2022-01-03T00:09:38.000+01:00,"Pirot istok - Beograd",,7280,2022-01-03T00:09:38.000+01:00,425312946,19221153786,2022-01-02T09:44:32.000+01:00,03.01.2022.,03.01.2022.,"03.01.2022 00:09:38","02.01.2022 09:44:32"
171014,"JugoExsim d.o.o. Beograd-Novi Beograd",109465772,03.01.2022.,2022-01-03T01:44:12.928+01:00,NaplataPutarine,34HY2682,2022-01-03T01:44:08.000+01:00,"Šimanovci - Šid",,2580,2022-01-03T01:44:08.000+01:00,425312946,19221153786,2022-01-03T00:52:20.000+01:00,03.01.2022.,03.01.2022.,"03.01.2022 01:44:08","03.01.2022 00:52:20"
171014,"JugoExsim d.o.o. Beograd-Novi Beograd",109465772,03.01.2022.,2022-01-03T19:57:00.297+01:00,NaplataPutarine,34HY2538,2022-01-03T19:56:54.000+01:00,"Pirot zapad - Beograd",,7020,2022-01-03T19:56:54.000+01:00,425312958,19221153901,2022-01-03T16:00:38.000+01:00,03.01.2022.,03.01.2022.,"03.01.2022 19:56:54","03.01.2022 16:00:38"
171014,"JugoExsim d.o.o. Beograd-Novi Beograd",109465772,03.01.2022.,2022-01-03T21:30:57.499+01:00,NaplataPutarine,34HY2538,2022-01-03T21:30:54.000+01:00,"Šimanovci - Šid",,2580,2022-01-03T21:30:54.000+01:00,425312958,19221153901,2022-01-03T20:39:18.000+01:00,03.01.2022.,03.01.2022.,"03.01.2022 21:30:54","03.01.2022 20:39:18"
171014,"JugoExsim d.o.o. Beograd-Novi Beograd",109465772,03.01.2022.,2022-01-03T01:31:06.889+01:00,NaplataPutarine,34SE0675,2022-01-03T01:31:00.000+01:00,"Niš Malča - Dimitrovgrad",,2160,2022-01-03T01:31:00.000+01:00,425314277,19221167091,2022-01-03T00:32:04.000+01:00,03.01.2022.,03.01.2022.,"03.01.2022 01:31:00","03.01.2022 00:32:04"
171014,"JugoExsim d.o.o. Beograd-Novi Beograd",109465772,03.01.2022.,2022-01-03T14:35:48.894+01:00,NaplataPutarine,41VZ500,2022-01-03T14:35:42.000+01:00,"Dimitrovgrad - Pirot istok",,570,2022-01-03T14:35:42.000+01:00,425314290,19221167224,2022-01-03T14:25:10.000+01:00,03.01.2022.,03.01.2022.,"03.01.2022 14:35:42","03.01.2022 14:25:10"
171014,"JugoExsim d.o.o. Beograd-Novi Beograd",109465772,03.01.2022.,2022-01-03T15:29:24.328+01:00,NaplataPutarine,41VZ500,2022-01-03T15:29:20.000+01:00,"Pirot zapad - Niš Malča",,1320,2022-01-03T15:29:20.000+01:00,425314290,19221167224,2022-01-03T14:53:40.000+01:00,03.01.2022.,03.01.2022.,"03.01.2022 15:29:20","03.01.2022 14:53:40"
171014,"JugoExsim d.o.o. Beograd-Novi Beograd",109465772,03.01.2022.,2022-01-03T10:09:05.245+01:00,NaplataPutarine,54H4195,2022-01-03T10:09:00.000+01:00,"Pirot zapad - Beograd",,7020,2022-01-03T10:09:00.000+01:00,425314294,19221167265,2022-01-03T05:07:40.000+01:00,03.01.2022.,03.01.2022.,"03.01.2022 10:09:00","03.01.2022 05:07:40"
171014,"JugoExsim d.o.o. Beograd-Novi Beograd",109465772,03.01.2022.,2022-01-03T12:32:52.452+01:00,NaplataPutarine,54H4195,2022-01-03T12:32:50.000+01:00,"Stara Pazova - Subotica",,3810,2022-01-03T12:32:50.000+01:00,425314294,19221167265,2022-01-03T11:03:48.000+01:00,03.01.2022.,03.01.2022.,"03.01.2022 12:32:50","03.01.2022 11:03:48"
171014,"JugoExsim d.o.o. Beograd-Novi Beograd",109465772,03.01.2022.,2022-01-03T13:42:34.470+01:00,NaplataPutarine,42DEU45,2022-01-03T13:42:30.000+01:00,"Šid - Šimanovci",,2580,2022-01-03T13:42:30.000+01:00,425314325,19221167570,2022-01-03T12:40:38.000+01:00,03.01.2022.,03.01.2022.,"03.01.2022 13:42:30","03.01.2022 12:40:38"
171014,"JugoExsim d.o.o. Beograd-Novi Beograd",109465772,03.01.2022.,2022-01-03T09:29:32.380+01:00,NaplataPutarine,42DBY63,2022-01-03T09:29:28.000+01:00,"Pirot zapad - Beograd",,7020,2022-01-03T09:29:28.000+01:00,425562359,19231026477,2022-01-03T05:23:18.000+01:00,03.01.2022.,03.01.2022.,"03.01.2022 09:29:28","03.01.2022 05:23:18"
171014,"JugoExsim d.o.o. Beograd-Novi Beograd",109465772,03.01.2022.,2022-01-03T11:17:51.709+01:00,NaplataPutarine,42DBY63,2022-01-03T11:17:48.000+01:00,"Šimanovci - Šid",,2580,2022-01-03T11:17:48.000+01:00,425562359,19231026477,2022-01-03T10:13:12.000+01:00,03.01.2022.,03.01.2022.,"03.01.2022 11:17:48","03.01.2022 10:13:12"
171014,"JugoExsim d.o.o. Beograd-Novi Beograd",109465772,03.01.2022.,2022-01-03T05:27:13.131+01:00,NaplataPutarine,14GG475,2022-01-03T05:27:10.000+01:00,"Dimitrovgrad - Beograd",,7860,2022-01-03T05:27:10.000+01:00,425569030,19231093188,2022-01-03T02:03:42.000+01:00,03.01.2022.,03.01.2022.,"03.01.2022 05:27:10","03.01.2022 02:03:42"
171014,"JugoExsim d.o.o. Beograd-Novi Beograd",109465772,03.01.2022.,2022-01-03T19:17:02.723+01:00,NaplataPutarine,14GG475,2022-01-03T19:16:46.000+01:00,"Šimanovci - Šid",,2580,2022-01-03T19:16:46.000+01:00,425569030,19231093188,2022-01-03T18:25:16.000+01:00,03.01.2022.,03.01.2022.,"03.01.2022 19:16:46","03.01.2022 18:25:16"
171014,"JugoExsim d.o.o. Beograd-Novi Beograd",109465772,03.01.2022.,2022-01-03T11:02:28.406+01:00,NaplataPutarine,54H1492,2022-01-03T11:02:26.000+01:00,"Pirot zapad - Beograd",,7020,2022-01-03T11:02:26.000+01:00,425569054,19231093428,2022-01-03T05:08:00.000+01:00,03.01.2022.,03.01.2022.,"03.01.2022 11:02:26","03.01.2022 05:08:00"
171014,"JugoExsim d.o.o. Beograd-Novi Beograd",109465772,03.01.2022.,2022-01-03T13:44:39.099+01:00,NaplataPutarine,54H1492,2022-01-03T13:44:38.000+01:00,"Stara Pazova - Subotica",,3810,2022-01-03T13:44:38.000+01:00,425569054,19231093428,2022-01-03T12:12:22.000+01:00,03.01.2022.,03.01.2022.,"03.01.2022 13:44:38","03.01.2022 12:12:22"
171014,"JugoExsim d.o.o. Beograd-Novi Beograd",109465772,03.01.2022.,2022-01-03T12:42:07.270+01:00,NaplataPutarine,14GM899,2022-01-03T12:42:04.000+01:00,"Dimitrovgrad - Beograd",,7860,2022-01-03T12:42:04.000+01:00,425570848,19231111360,2022-01-03T07:26:48.000+01:00,03.01.2022.,03.01.2022.,"03.01.2022 12:42:04","03.01.2022 07:26:48"
171014,"JugoExsim d.o.o. Beograd-Novi Beograd",109465772,03.01.2022.,2022-01-03T14:16:34.153+01:00,NaplataPutarine,14GM899,2022-01-03T14:16:28.000+01:00,"Šimanovci - Šid",,2580,2022-01-03T14:16:28.000+01:00,425570848,19231111360,2022-01-03T13:25:32.000+01:00,03.01.2022.,03.01.2022.,"03.01.2022 14:16:28","03.01.2022 13:25:32"
171014,"JugoExsim d.o.o. Beograd-Novi Beograd",109465772,03.01.2022.,2022-01-03T17:01:59.527+01:00,NaplataPutarine,34KB8409,2022-01-03T17:01:54.000+01:00,"Dimitrovgrad - Pirot istok",,570,2022-01-03T17:01:54.000+01:00,425571736,19231120247,2022-01-03T16:50:54.000+01:00,03.01.2022.,03.01.2022.,"03.01.2022 17:01:54","03.01.2022 16:50:54"
171014,"JugoExsim d.o.o. Beograd-Novi Beograd",109465772,03.01.2022.,2022-01-03T20:38:52.086+01:00,NaplataPutarine,34KB8409,2022-01-03T20:38:46.000+01:00,"Pirot zapad - Beograd",,7020,2022-01-03T20:38:46.000+01:00,425571736,19231120247,2022-01-03T17:26:28.000+01:00,03.01.2022.,03.01.2022.,"03.01.2022 20:38:46","03.01.2022 17:26:28"
171014,"JugoExsim d.o.o. Beograd-Novi Beograd",109465772,03.01.2022.,2022-01-03T23:12:07.021+01:00,NaplataPutarine,34KB8409,2022-01-03T23:12:04.000+01:00,"Šimanovci - Šid",,2580,2022-01-03T23:12:04.000+01:00,425571736,19231120247,2022-01-03T22:19:12.000+01:00,03.01.2022.,03.01.2022.,"03.01.2022 23:12:04","03.01.2022 22:19:12"
171014,"JugoExsim d.o.o. Beograd-Novi Beograd",109465772,03.01.2022.,2022-01-03T09:29:32.942+01:00,NaplataPutarine,42ACK591,2022-01-03T09:29:30.000+01:00,"Pirot zapad - Beograd",,7020,2022-01-03T09:29:30.000+01:00,425571744,19231120320,2022-01-03T05:23:32.000+01:00,03.01.2022.,03.01.2022.,"03.01.2022 09:29:30","03.01.2022 05:23:32"
171014,"JugoExsim d.o.o. Beograd-Novi Beograd",109465772,03.01.2022.,2022-01-03T11:14:24.818+01:00,NaplataPutarine,42ACK591,2022-01-03T11:14:18.000+01:00,"Šimanovci - Šid",,2580,2022-01-03T11:14:18.000+01:00,425571744,19231120320,2022-01-03T10:13:02.000+01:00,03.01.2022.,03.01.2022.,"03.01.2022 11:14:18","03.01.2022 10:13:02"
171014,"JugoExsim d.o.o. Beograd-Novi Beograd",109465772,03.01.2022.,2022-01-03T11:02:27.612+01:00,NaplataPutarine,54H2657,2022-01-03T11:02:24.000+01:00,"Pirot zapad - Beograd",,7020,2022-01-03T11:02:24.000+01:00,425571757,19231120452,2022-01-03T05:07:52.000+01:00,03.01.2022.,03.01.2022.,"03.01.2022 11:02:24","03.01.2022 05:07:52"
171014,"JugoExsim d.o.o. Beograd-Novi Beograd",109465772,03.01.2022.,2022-01-03T13:44:28.425+01:00,NaplataPutarine,54H2657,2022-01-03T13:44:26.000+01:00,"Stara Pazova - Subotica",,3810,2022-01-03T13:44:26.000+01:00,425571757,19231120452,2022-01-03T12:12:28.000+01:00,03.01.2022.,03.01.2022.,"03.01.2022 13:44:26","03.01.2022 12:12:28"
171014,"JugoExsim d.o.o. Beograd-Novi Beograd",109465772,03.01.2022.,2022-01-03T05:28:56.136+01:00,NaplataPutarine,81BG224,2022-01-03T05:28:50.000+01:00,"Pirot istok - Beograd",,7280,2022-01-03T05:28:50.000+01:00,425571764,19231120528,2022-01-02T15:42:20.000+01:00,03.01.2022.,03.01.2022.,"03.01.2022 05:28:50","02.01.2022 15:42:20"
171014,"JugoExsim d.o.o. Beograd-Novi Beograd",109465772,03.01.2022.,2022-01-03T07:02:43.274+01:00,NaplataPutarine,81BG224,2022-01-03T07:02:42.000+01:00,"Šimanovci - Šid",,2580,2022-01-03T07:02:42.000+01:00,425571764,19231120528,2022-01-03T06:10:26.000+01:00,03.01.2022.,03.01.2022.,"03.01.2022 07:02:42","03.01.2022 06:10:26"
171014,"JugoExsim d.o.o. Beograd-Novi Beograd",109465772,03.01.2022.,2022-01-03T03:33:54.884+01:00,NaplataPutarine,34KB8404,2022-01-03T03:33:52.000+01:00,"Bela Palanka - Beograd",,6420,2022-01-03T03:33:52.000+01:00,425572281,19231125691,2022-01-03T00:36:06.000+01:00,03.01.2022.,03.01.2022.,"03.01.2022 03:33:52","03.01.2022 00:36:06"
171014,"JugoExsim d.o.o. Beograd-Novi Beograd",109465772,03.01.2022.,2022-01-03T06:12:54.168+01:00,NaplataPutarine,34KB8404,2022-01-03T06:12:50.000+01:00,"Šimanovci - Šid",,2580,2022-01-03T06:12:50.000+01:00,425572281,19231125691,2022-01-03T05:20:32.000+01:00,03.01.2022.,03.01.2022.,"03.01.2022 06:12:50","03.01.2022 05:20:32"
171014,"JugoExsim d.o.o. Beograd-Novi Beograd",109465772,03.01.2022.,2022-01-03T21:54:02.052+01:00,NaplataPutarine,E17T942,2022-01-03T21:53:58.000+01:00,"Kuzmin - Šimanovci",,1900,2022-01-03T21:53:58.000+01:00,425822862,19241010065,2022-01-03T21:12:42.000+01:00,03.01.2022.,03.01.2022.,"03.01.2022 21:53:58","03.01.2022 21:12:42"
171014,"JugoExsim d.o.o. Beograd-Novi Beograd",109465772,03.01.2022.,2022-01-03T23:40:31.500+01:00,NaplataPutarine,E17T942,2022-01-03T23:40:30.000+01:00,"Beograd - Batočina",,2370,2022-01-03T23:40:30.000+01:00,425822862,19241010065,2022-01-03T22:38:50.000+01:00,03.01.2022.,03.01.2022.,"03.01.2022 23:40:30","03.01.2022 22:38:50"
171014,"JugoExsim d.o.o. Beograd-Novi Beograd",109465772,03.01.2022.,2022-01-03T05:47:34.334+01:00,NaplataPutarine,42AIM01,2022-01-03T05:47:32.000+01:00,"Niš Malča - Beograd",,5690,2022-01-03T05:47:32.000+01:00,425823869,19241020130,2022-01-03T03:12:26.000+01:00,03.01.2022.,03.01.2022.,"03.01.2022 05:47:32","03.01.2022 03:12:26"
171014,"JugoExsim d.o.o. Beograd-Novi Beograd",109465772,03.01.2022.,2022-01-03T08:35:18.813+01:00,NaplataPutarine,42AIM01,2022-01-03T08:35:16.000+01:00,"Šimanovci - Šid",,2580,2022-01-03T08:35:16.000+01:00,425823869,19241020130,2022-01-03T07:40:40.000+01:00,03.01.2022.,03.01.2022.,"03.01.2022 08:35:16","03.01.2022 07:40:40"
171014,"JugoExsim d.o.o. Beograd-Novi Beograd",109465772,03.01.2022.,2022-01-03T07:19:20.288+01:00,NaplataPutarine,UE071PT,2022-01-03T07:19:16.000+01:00,"Preljina - Obrenovac",,2560,2022-01-03T07:19:16.000+01:00,425823877,19241020213,2022-01-03T06:18:02.000+01:00,03.01.2022.,03.01.2022.,"03.01.2022 07:19:16","03.01.2022 06:18:02"
171014,"JugoExsim d.o.o. Beograd-Novi Beograd",109465772,03.01.2022.,2022-01-03T15:42:10.875+01:00,NaplataPutarine,UE071PT,2022-01-03T15:42:08.000+01:00,"Obrenovac - Preljina",,2560,2022-01-03T15:42:08.000+01:00,425823877,19241020213,2022-01-03T13:22:22.000+01:00,03.01.2022.,03.01.2022.,"03.01.2022 15:42:08","03.01.2022 13:22:22"
171014,"JugoExsim d.o.o. Beograd-Novi Beograd",109465772,03.01.2022.,2022-01-03T05:43:06.136+01:00,NaplataPutarine,42AFC006,2022-01-03T05:43:04.000+01:00,"Mali Požarevac - Dimitrovgrad",,7390,2022-01-03T05:43:04.000+01:00,425824496,19241026400,2022-01-03T02:13:22.000+01:00,03.01.2022.,03.01.2022.,"03.01.2022 05:43:04","03.01.2022 02:13:22"
171014,"JugoExsim d.o.o. Beograd-Novi Beograd",109465772,03.01.2022.,2022-01-03T22:46:49.062+01:00,NaplataPutarine,34BTB588,2022-01-03T22:46:46.000+01:00,"Šid - Šimanovci",,2580,2022-01-03T22:46:46.000+01:00,425824500,19241026442,2022-01-03T21:54:44.000+01:00,03.01.2022.,03.01.2022.,"03.01.2022 22:46:46","03.01.2022 21:54:44"
171014,"JugoExsim d.o.o. Beograd-Novi Beograd",109465772,03.01.2022.,2022-01-03T14:32:06.052+01:00,NaplataPutarine,42ADP029,2022-01-03T14:32:00.000+01:00,"Dimitrovgrad - Niš Malča",,2160,2022-01-03T14:32:00.000+01:00,425824673,19241028174,2022-01-03T13:31:28.000+01:00,03.01.2022.,03.01.2022.,"03.01.2022 14:32:00","03.01.2022 13:31:28"
171014,"JugoExsim d.o.o. Beograd-Novi Beograd",109465772,03.01.2022.,2022-01-03T14:11:00.911+01:00,NaplataPutarine,34HY2624,2022-01-03T14:10:56.000+01:00,"Paraćin - Batočina",,1130,2022-01-03T14:10:56.000+01:00,425824857,19241030014,2022-01-03T13:38:20.000+01:00,03.01.2022.,03.01.2022.,"03.01.2022 14:10:56","03.01.2022 13:38:20"
171014,"JugoExsim d.o.o. Beograd-Novi Beograd",109465772,03.01.2022.,2022-01-03T15:01:51.499+01:00,NaplataPutarine,34HY2684,2022-01-03T15:01:46.000+01:00,"Dimitrovgrad - Batočina",,5490,2022-01-03T15:01:46.000+01:00,425824897,19241030410,2022-01-03T00:53:28.000+01:00,03.01.2022.,03.01.2022.,"03.01.2022 15:01:46","03.01.2022 00:53:28"
171014,"JugoExsim d.o.o. Beograd-Novi Beograd",109465772,03.01.2022.,2022-01-03T18:42:06.631+01:00,NaplataPutarine,34HY2684,2022-01-03T18:42:00.000+01:00,"Preljina - Obrenovac",,2560,2022-01-03T18:42:00.000+01:00,425824897,19241030410,2022-01-03T17:37:52.000+01:00,03.01.2022.,03.01.2022.,"03.01.2022 18:42:00","03.01.2022 17:37:52"
171014,"JugoExsim d.o.o. Beograd-Novi Beograd",109465772,03.01.2022.,2022-01-03T20:08:11.203+01:00,NaplataPutarine,34HY2684,2022-01-03T20:08:08.000+01:00,"Šimanovci - Šid",,2580,2022-01-03T20:08:08.000+01:00,425824897,19241030410,2022-01-03T19:15:46.000+01:00,03.01.2022.,03.01.2022.,"03.01.2022 20:08:08","03.01.2022 19:15:46"
171014,"JugoExsim d.o.o. Beograd-Novi Beograd",109465772,03.01.2022.,2022-01-03T15:40:18.207+01:00,NaplataPutarine,CB0024HM,2022-01-03T15:40:14.000+01:00,"Dimitrovgrad - Beograd",,7860,2022-01-03T15:40:14.000+01:00,425824944,19241030881,2022-01-03T11:23:12.000+01:00,03.01.2022.,03.01.2022.,"03.01.2022 15:40:14","03.01.2022 11:23:12"
171014,"JugoExsim d.o.o. Beograd-Novi Beograd",109465772,03.01.2022.,2022-01-03T17:14:51.391+01:00,NaplataPutarine,CB0024HM,2022-01-03T17:14:50.000+01:00,"Šimanovci - Šid",,2580,2022-01-03T17:14:50.000+01:00,425824944,19241030881,2022-01-03T16:22:04.000+01:00,03.01.2022.,03.01.2022.,"03.01.2022 17:14:50","03.01.2022 16:22:04"
171014,"JugoExsim d.o.o. Beograd-Novi Beograd",109465772,03.01.2022.,2022-01-03T13:28:34.610+01:00,NaplataPutarine,34FC4573,2022-01-03T13:28:34.000+01:00,"Pirot zapad - Beograd",,7020,2022-01-03T13:28:34.000+01:00,425824949,19241030931,2022-01-03T09:07:50.000+01:00,03.01.2022.,03.01.2022.,"03.01.2022 13:28:34","03.01.2022 09:07:50"
171014,"JugoExsim d.o.o. Beograd-Novi Beograd",109465772,03.01.2022.,2022-01-03T15:06:02.506+01:00,NaplataPutarine,34FC4573,2022-01-03T15:05:58.000+01:00,"Šimanovci - Šid",,2580,2022-01-03T15:05:58.000+01:00,425824949,19241030931,2022-01-03T14:12:16.000+01:00,03.01.2022.,03.01.2022.,"03.01.2022 15:05:58","03.01.2022 14:12:16"
171014,"JugoExsim d.o.o. Beograd-Novi Beograd",109465772,03.01.2022.,2022-01-03T01:37:22.891+01:00,NaplataPutarine,42ACU367,2022-01-03T01:37:18.000+01:00,"Mali Požarevac - Beograd",,460,2022-01-03T01:37:18.000+01:00,425824965,19241031095,2022-01-03T01:26:14.000+01:00,03.01.2022.,03.01.2022.,"03.01.2022 01:37:18","03.01.2022 01:26:14"
171014,"JugoExsim d.o.o. Beograd-Novi Beograd",109465772,03.01.2022.,2022-01-03T03:13:52.773+01:00,NaplataPutarine,42ACU367,2022-01-03T03:13:48.000+01:00,"Šimanovci - Šid",,2580,2022-01-03T03:13:48.000+01:00,425824965,19241031095,2022-01-03T02:21:06.000+01:00,03.01.2022.,03.01.2022.,"03.01.2022 03:13:48","03.01.2022 02:21:06"
171014,"JugoExsim d.o.o. Beograd-Novi Beograd",109465772,03.01.2022.,2022-01-03T07:11:24.237+01:00,NaplataPutarine,14FJ992,2022-01-03T07:11:20.000+01:00,"Stara Pazova - Subotica",,3810,2022-01-03T07:11:20.000+01:00,425824967,19241031111,2022-01-03T05:40:44.000+01:00,03.01.2022.,03.01.2022.,"03.01.2022 07:11:20","03.01.2022 05:40:44"
171014,"JugoExsim d.o.o. Beograd-Novi Beograd",109465772,03.01.2022.,2022-01-03T19:43:49.330+01:00,NaplataPutarine,42AUE30,2022-01-03T19:43:46.000+01:00,"Dimitrovgrad - Mali Požarevac",,7390,2022-01-03T19:43:46.000+01:00,425825031,19241031756,2022-01-03T16:24:40.000+01:00,03.01.2022.,03.01.2022.,"03.01.2022 19:43:46","03.01.2022 16:24:40"
171014,"JugoExsim d.o.o. Beograd-Novi Beograd",109465772,03.01.2022.,2022-01-03T05:50:50.987+01:00,NaplataPutarine,22AAS420,2022-01-03T05:50:44.000+01:00,"Niš Malča - Beograd",,5690,2022-01-03T05:50:44.000+01:00,425825073,19241032176,2022-01-03T02:14:02.000+01:00,03.01.2022.,03.01.2022.,"03.01.2022 05:50:44","03.01.2022 02:14:02"
171014,"JugoExsim d.o.o. Beograd-Novi Beograd",109465772,03.01.2022.,2022-01-03T16:08:02.519+01:00,NaplataPutarine,42CEK04,2022-01-03T16:07:56.000+01:00,"Dimitrovgrad - Niš Malča",,2160,2022-01-03T16:07:56.000+01:00,425825116,19241032606,2022-01-03T15:13:12.000+01:00,03.01.2022.,03.01.2022.,"03.01.2022 16:07:56","03.01.2022 15:13:12"
171014,"JugoExsim d.o.o. Beograd-Novi Beograd",109465772,03.01.2022.,2022-01-03T20:03:57.333+01:00,NaplataPutarine,CB1220HM,2022-01-03T20:03:54.000+01:00,"Merošina - Dimitrovgrad",,2800,2022-01-03T20:03:54.000+01:00,430802728,19431001361,2022-01-03T18:48:48.000+01:00,03.01.2022.,03.01.2022.,"03.01.2022 20:03:54","03.01.2022 18:48:48"
171014,"JugoExsim d.o.o. Beograd-Novi Beograd",109465772,03.01.2022.,2022-01-03T12:08:39.487+01:00,NaplataPutarine,RI2022H,2022-01-03T12:08:34.000+01:00,"Šimanovci - Šid",,2580,2022-01-03T12:08:34.000+01:00,430802784,19431001924,2022-01-03T11:17:10.000+01:00,03.01.2022.,03.01.2022.,"03.01.2022 12:08:34","03.01.2022 11:17:10"
171014,"JugoExsim d.o.o. Beograd-Novi Beograd",109465772,03.01.2022.,2022-01-03T23:36:53.360+01:00,NaplataPutarine,34DKE357,2022-01-03T23:36:46.000+01:00,"Dimitrovgrad - Pirot istok",,570,2022-01-03T23:36:46.000+01:00,430802888,19431002963,2022-01-03T23:25:44.000+01:00,03.01.2022.,03.01.2022.,"03.01.2022 23:36:46","03.01.2022 23:25:44"
171014,"JugoExsim d.o.o. Beograd-Novi Beograd",109465772,03.01.2022.,2022-01-03T08:14:18.628+01:00,NaplataPutarine,07MYG54,2022-01-03T08:14:14.000+01:00,"Šimanovci - Šid",,2580,2022-01-03T08:14:14.000+01:00,430807316,19431047240,2022-01-03T07:21:22.000+01:00,03.01.2022.,03.01.2022.,"03.01.2022 08:14:14","03.01.2022 07:21:22"
171014,"JugoExsim d.o.o. Beograd-Novi Beograd",109465772,03.01.2022.,2022-01-03T06:53:19.322+01:00,NaplataPutarine,35ASE900,2022-01-03T06:53:16.000+01:00,"Preševo - Beograd",,8910,2022-01-03T06:53:16.000+01:00,430807385,19431047935,2022-01-02T13:01:14.000+01:00,03.01.2022.,03.01.2022.,"03.01.2022 06:53:16","02.01.2022 13:01:14"
171014,"JugoExsim d.o.o. Beograd-Novi Beograd",109465772,03.01.2022.,2022-01-03T08:29:34.278+01:00,NaplataPutarine,35ASE900,2022-01-03T08:29:32.000+01:00,"Šimanovci - Šid",,2580,2022-01-03T08:29:32.000+01:00,430807385,19431047935,2022-01-03T07:33:58.000+01:00,03.01.2022.,03.01.2022.,"03.01.2022 08:29:32","03.01.2022 07:33:58"
171014,"JugoExsim d.o.o. Beograd-Novi Beograd",109465772,03.01.2022.,2022-01-03T19:37:27.203+01:00,NaplataPutarine,42ACK754,2022-01-03T19:37:22.000+01:00,"Dimitrovgrad - Niš Malča",,2160,2022-01-03T19:37:22.000+01:00,431036556,19440718203,2022-01-03T18:41:58.000+01:00,03.01.2022.,03.01.2022.,"03.01.2022 19:37:22","03.01.2022 18:41:58"
171014,"JugoExsim d.o.o. Beograd-Novi Beograd",109465772,03.01.2022.,2022-01-03T09:06:12.929+01:00,NaplataPutarine,22UL233,2022-01-03T09:06:10.000+01:00,"Dimitrovgrad - Batočina",,5490,2022-01-03T09:06:10.000+01:00,431036588,19440718526,2022-01-03T05:19:00.000+01:00,03.01.2022.,03.01.2022.,"03.01.2022 09:06:10","03.01.2022 05:19:00"
171014,"JugoExsim d.o.o. Beograd-Novi Beograd",109465772,03.01.2022.,2022-01-03T00:01:42.787+01:00,NaplataPutarine,61K15881,2022-01-03T00:01:40.000+01:00,"Šimanovci - Šid",,2580,2022-01-03T00:01:40.000+01:00,431036589,19440718534,2022-01-02T23:09:24.000+01:00,03.01.2022.,03.01.2022.,"03.01.2022 00:01:40","02.01.2022 23:09:24"
171014,"JugoExsim d.o.o. Beograd-Novi Beograd",109465772,03.01.2022.,2022-01-03T00:31:46.145+01:00,NaplataPutarine,42FPZ05,2022-01-03T00:31:44.000+01:00,"Šimanovci - Šid",,2580,2022-01-03T00:31:44.000+01:00,431036612,19440718765,2022-01-02T23:38:28.000+01:00,03.01.2022.,03.01.2022.,"03.01.2022 00:31:44","02.01.2022 23:38:28"
171014,"JugoExsim d.o.o. Beograd-Novi Beograd",109465772,03.01.2022.,2022-01-03T08:25:30.852+01:00,NaplataPutarine,22UN190,2022-01-03T08:25:26.000+01:00,"Šimanovci - Šid",,2580,2022-01-03T08:25:26.000+01:00,431036648,19440719128,2022-01-03T07:33:34.000+01:00,03.01.2022.,03.01.2022.,"03.01.2022 08:25:26","03.01.2022 07:33:34"
171014,"JugoExsim d.o.o. Beograd-Novi Beograd",109465772,03.01.2022.,2022-01-03T04:58:55.888+01:00,NaplataPutarine,34HH3170,2022-01-03T04:58:50.000+01:00,"Dimitrovgrad - Beograd",,7860,2022-01-03T04:58:50.000+01:00,431036690,19440719540,2022-01-02T13:22:40.000+01:00,03.01.2022.,03.01.2022.,"03.01.2022 04:58:50","02.01.2022 13:22:40"
171014,"JugoExsim d.o.o. Beograd-Novi Beograd",109465772,03.01.2022.,2022-01-03T07:46:29.977+01:00,NaplataPutarine,34HH3170,2022-01-03T07:46:26.000+01:00,"Šimanovci - Šid",,2580,2022-01-03T07:46:26.000+01:00,431036690,19440719540,2022-01-03T06:53:38.000+01:00,03.01.2022.,03.01.2022.,"03.01.2022 07:46:26","03.01.2022 06:53:38"
171014,"JugoExsim d.o.o. Beograd-Novi Beograd",109465772,03.01.2022.,2022-01-03T05:46:55.261+01:00,NaplataPutarine,42ACK758,2022-01-03T05:46:50.000+01:00,"Mali Požarevac - Beograd",,460,2022-01-03T05:46:50.000+01:00,431036699,19440719631,2022-01-03T05:36:14.000+01:00,03.01.2022.,03.01.2022.,"03.01.2022 05:46:50","03.01.2022 05:36:14"
171014,"JugoExsim d.o.o. Beograd-Novi Beograd",109465772,03.01.2022.,2022-01-03T08:59:49.067+01:00,NaplataPutarine,42ACK758,2022-01-03T08:59:44.000+01:00,"Stara Pazova - Subotica",,3810,2022-01-03T08:59:44.000+01:00,431036699,19440719631,2022-01-03T06:38:22.000+01:00,03.01.2022.,03.01.2022.,"03.01.2022 08:59:44","03.01.2022 06:38:22"
171014,"JugoExsim d.o.o. Beograd-Novi Beograd",109465772,03.01.2022.,2022-01-03T15:38:08.502+01:00,NaplataPutarine,SK4129AC,2022-01-03T15:38:04.000+01:00,"Subotica - Stara Pazova",,3810,2022-01-03T15:38:04.000+01:00,431036726,19440719904,2022-01-03T14:09:44.000+01:00,03.01.2022.,03.01.2022.,"03.01.2022 15:38:04","03.01.2022 14:09:44"
171014,"JugoExsim d.o.o. Beograd-Novi Beograd",109465772,03.01.2022.,2022-01-03T21:16:48.088+01:00,NaplataPutarine,SK4129AC,2022-01-03T21:16:44.000+01:00,"Beograd - Preševo",,8910,2022-01-03T21:16:44.000+01:00,431036726,19440719904,2022-01-03T16:29:00.000+01:00,03.01.2022.,03.01.2022.,"03.01.2022 21:16:44","03.01.2022 16:29:00"
171014,"JugoExsim d.o.o. Beograd-Novi Beograd",109465772,03.01.2022.,2022-01-03T15:40:38.219+01:00,NaplataPutarine,CB9086HB,2022-01-03T15:40:34.000+01:00,"Dimitrovgrad - Beograd",,7860,2022-01-03T15:40:34.000+01:00,431038561,19440738250,2022-01-03T11:23:38.000+01:00,03.01.2022.,03.01.2022.,"03.01.2022 15:40:34","03.01.2022 11:23:38"
171014,"JugoExsim d.o.o. Beograd-Novi Beograd",109465772,03.01.2022.,2022-01-03T17:15:03.035+01:00,NaplataPutarine,CB9086HB,2022-01-03T17:15:00.000+01:00,"Šimanovci - Šid",,2580,2022-01-03T17:15:00.000+01:00,431038561,19440738250,2022-01-03T16:22:12.000+01:00,03.01.2022.,03.01.2022.,"03.01.2022 17:15:00","03.01.2022 16:22:12"
171014,"JugoExsim d.o.o. Beograd-Novi Beograd",109465772,03.01.2022.,2022-01-03T00:02:27.756+01:00,NaplataPutarine,81EF460,2022-01-03T00:02:22.000+01:00,"Dimitrovgrad - Beograd",,7860,2022-01-03T00:02:22.000+01:00,431038610,19440738748,2022-01-02T20:42:26.000+01:00,03.01.2022.,03.01.2022.,"03.01.2022 00:02:22","02.01.2022 20:42:26"
171014,"JugoExsim d.o.o. Beograd-Novi Beograd",109465772,03.01.2022.,2022-01-03T12:52:54.125+01:00,NaplataPutarine,81EF460,2022-01-03T12:52:50.000+01:00,"Šimanovci - Šid",,2580,2022-01-03T12:52:50.000+01:00,431038610,19440738748,2022-01-03T12:02:22.000+01:00,03.01.2022.,03.01.2022.,"03.01.2022 12:52:50","03.01.2022 12:02:22"
171014,"JugoExsim d.o.o. Beograd-Novi Beograd",109465772,03.01.2022.,2022-01-03T10:28:07.033+01:00,NaplataPutarine,34ESY033,2022-01-03T10:28:04.000+01:00,"Niš Malča - Beograd",,5690,2022-01-03T10:28:04.000+01:00,431038614,19440738789,2022-01-03T07:53:28.000+01:00,03.01.2022.,03.01.2022.,"03.01.2022 10:28:04","03.01.2022 07:53:28"
171014,"JugoExsim d.o.o. Beograd-Novi Beograd",109465772,03.01.2022.,2022-01-03T13:41:08.977+01:00,NaplataPutarine,34ESY033,2022-01-03T13:41:08.000+01:00,"Stara Pazova - Subotica",,3810,2022-01-03T13:41:08.000+01:00,431038614,19440738789,2022-01-03T12:10:26.000+01:00,03.01.2022.,03.01.2022.,"03.01.2022 13:41:08","03.01.2022 12:10:26"
171014,"JugoExsim d.o.o. Beograd-Novi Beograd",109465772,03.01.2022.,2022-01-03T07:25:48.091+01:00,NaplataPutarine,PA1661KT,2022-01-03T07:25:46.000+01:00,"Mali Požarevac - Beograd",,460,2022-01-03T07:25:46.000+01:00,431038618,19440738821,2022-01-03T07:15:02.000+01:00,03.01.2022.,03.01.2022.,"03.01.2022 07:25:46","03.01.2022 07:15:02"
171014,"JugoExsim d.o.o. Beograd-Novi Beograd",109465772,03.01.2022.,2022-01-03T09:06:30.113+01:00,NaplataPutarine,PA1661KT,2022-01-03T09:06:24.000+01:00,"Šimanovci - Adaševci",,2300,2022-01-03T09:06:24.000+01:00,431038618,19440738821,2022-01-03T08:14:14.000+01:00,03.01.2022.,03.01.2022.,"03.01.2022 09:06:24","03.01.2022 08:14:14"
171014,"JugoExsim d.o.o. Beograd-Novi Beograd",109465772,03.01.2022.,2022-01-03T07:10:36.062+01:00,NaplataPutarine,34ETH025,2022-01-03T07:10:34.000+01:00,"Stara Pazova - Subotica",,3810,2022-01-03T07:10:34.000+01:00,431038622,19440738862,2022-01-03T05:37:20.000+01:00,03.01.2022.,03.01.2022.,"03.01.2022 07:10:34","03.01.2022 05:37:20"
171014,"JugoExsim d.o.o. Beograd-Novi Beograd",109465772,03.01.2022.,2022-01-03T01:30:15.613+01:00,NaplataPutarine,34CNZ214,2022-01-03T01:30:10.000+01:00,"Niš Malča - Beograd",,5690,2022-01-03T01:30:10.000+01:00,431038634,19440738987,2022-01-02T22:37:12.000+01:00,03.01.2022.,03.01.2022.,"03.01.2022 01:30:10","02.01.2022 22:37:12"
171014,"JugoExsim d.o.o. Beograd-Novi Beograd",109465772,03.01.2022.,2022-01-03T07:05:58.032+01:00,NaplataPutarine,34CNZ214,2022-01-03T07:05:54.000+01:00,"Stara Pazova - Subotica",,3810,2022-01-03T07:05:54.000+01:00,431038634,19440738987,2022-01-03T03:20:32.000+01:00,03.01.2022.,03.01.2022.,"03.01.2022 07:05:54","03.01.2022 03:20:32"
171014,"JugoExsim d.o.o. Beograd-Novi Beograd",109465772,03.01.2022.,2022-01-03T21:10:45.650+01:00,NaplataPutarine,NMZF661,2022-01-03T21:10:40.000+01:00,"Šid - Ruma",,1700,2022-01-03T21:10:40.000+01:00,431044794,19440800589,2022-01-03T20:18:40.000+01:00,03.01.2022.,03.01.2022.,"03.01.2022 21:10:40","03.01.2022 20:18:40"
171014,"JugoExsim d.o.o. Beograd-Novi Beograd",109465772,03.01.2022.,2022-01-03T11:38:36.195+01:00,NaplataPutarine,RI5777G,2022-01-03T11:38:32.000+01:00,"Stara Pazova - Subotica",,3810,2022-01-03T11:38:32.000+01:00,431044810,19440800746,2022-01-03T10:08:46.000+01:00,03.01.2022.,03.01.2022.,"03.01.2022 11:38:32","03.01.2022 10:08:46"
171014,"JugoExsim d.o.o. Beograd-Novi Beograd",109465772,03.01.2022.,2022-01-03T15:40:29.509+01:00,NaplataPutarine,CB1763MB,2022-01-03T15:40:24.000+01:00,"Dimitrovgrad - Beograd",,7860,2022-01-03T15:40:24.000+01:00,431072540,19441078045,2022-01-03T11:23:26.000+01:00,03.01.2022.,03.01.2022.,"03.01.2022 15:40:24","03.01.2022 11:23:26"
171014,"JugoExsim d.o.o. Beograd-Novi Beograd",109465772,03.01.2022.,2022-01-03T17:14:56.935+01:00,NaplataPutarine,CB1763MB,2022-01-03T17:14:54.000+01:00,"Šimanovci - Šid",,2580,2022-01-03T17:14:54.000+01:00,431072540,19441078045,2022-01-03T16:22:08.000+01:00,03.01.2022.,03.01.2022.,"03.01.2022 17:14:54","03.01.2022 16:22:08"
171014,"JugoExsim d.o.o. Beograd-Novi Beograd",109465772,03.01.2022.,2022-01-03T12:11:37.809+01:00,NaplataPutarine,RI2611G,2022-01-03T12:11:32.000+01:00,"Stara Pazova - Subotica",,3810,2022-01-03T12:11:32.000+01:00,431073590,19441088549,2022-01-03T10:46:06.000+01:00,03.01.2022.,03.01.2022.,"03.01.2022 12:11:32","03.01.2022 10:46:06"
171014,"JugoExsim d.o.o. Beograd-Novi Beograd",109465772,03.01.2022.,2022-01-03T14:51:27.898+01:00,NaplataPutarine,LJVI841,2022-01-03T14:51:24.000+01:00,"Šid - Sremska Mitrovica",,1300,2022-01-03T14:51:24.000+01:00,431073636,19441089000,2022-01-03T14:25:36.000+01:00,03.01.2022.,03.01.2022.,"03.01.2022 14:51:24","03.01.2022 14:25:36"
171014,"JugoExsim d.o.o. Beograd-Novi Beograd",109465772,03.01.2022.,2022-01-03T16:52:49.926+01:00,NaplataPutarine,61K0011,2022-01-03T16:52:48.000+01:00,"Dimitrovgrad - Beograd",,7860,2022-01-03T16:52:48.000+01:00,431266098,19450392188,2022-01-03T12:34:18.000+01:00,03.01.2022.,03.01.2022.,"03.01.2022 16:52:48","03.01.2022 12:34:18"
171014,"JugoExsim d.o.o. Beograd-Novi Beograd",109465772,03.01.2022.,2022-01-03T04:49:50.510+01:00,NaplataPutarine,34FZ9753,2022-01-03T04:49:48.000+01:00,"Pirot istok - Beograd",,7280,2022-01-03T04:49:48.000+01:00,431266154,19450392741,2022-01-02T13:54:14.000+01:00,03.01.2022.,03.01.2022.,"03.01.2022 04:49:48","02.01.2022 13:54:14"
171014,"JugoExsim d.o.o. Beograd-Novi Beograd",109465772,03.01.2022.,2022-01-03T06:23:59.122+01:00,NaplataPutarine,34FZ9753,2022-01-03T06:23:54.000+01:00,"Šimanovci - Šid",,2580,2022-01-03T06:23:54.000+01:00,431266154,19450392741,2022-01-03T05:32:02.000+01:00,03.01.2022.,03.01.2022.,"03.01.2022 06:23:54","03.01.2022 05:32:02"
171014,"JugoExsim d.o.o. Beograd-Novi Beograd",109465772,03.01.2022.,2022-01-03T09:59:12.442+01:00,NaplataPutarine,35HA6872,2022-01-03T09:59:06.000+01:00,"Preševo - Beograd",,8910,2022-01-03T09:59:06.000+01:00,431266615,19450397351,2022-01-02T18:30:26.000+01:00,03.01.2022.,03.01.2022.,"03.01.2022 09:59:06","02.01.2022 18:30:26"
171014,"JugoExsim d.o.o. Beograd-Novi Beograd",109465772,03.01.2022.,2022-01-03T11:33:01.321+01:00,NaplataPutarine,35HA6872,2022-01-03T11:32:58.000+01:00,"Šimanovci - Šid",,2580,2022-01-03T11:32:58.000+01:00,431266615,19450397351,2022-01-03T10:40:30.000+01:00,03.01.2022.,03.01.2022.,"03.01.2022 11:32:58","03.01.2022 10:40:30"
171014,"JugoExsim d.o.o. Beograd-Novi Beograd",109465772,03.01.2022.,2022-01-03T03:06:55.309+01:00,NaplataPutarine,41YT500,2022-01-03T03:06:52.000+01:00,"Šimanovci - Šid",,2580,2022-01-03T03:06:52.000+01:00,431266679,19450397997,2022-01-03T02:15:46.000+01:00,03.01.2022.,03.01.2022.,"03.01.2022 03:06:52","03.01.2022 02:15:46"
171014,"JugoExsim d.o.o. Beograd-Novi Beograd",109465772,03.01.2022.,2022-01-03T13:06:04.517+01:00,NaplataPutarine,RI7177B,2022-01-03T13:05:58.000+01:00,"Stara Pazova - Subotica",,3810,2022-01-03T13:05:58.000+01:00,431268070,19450411905,2022-01-03T11:38:38.000+01:00,03.01.2022.,03.01.2022.,"03.01.2022 13:05:58","03.01.2022 11:38:38"
171014,"JugoExsim d.o.o. Beograd-Novi Beograd",109465772,03.01.2022.,2022-01-03T06:57:26.447+01:00,NaplataPutarine,NZ002GH,2022-01-03T06:57:22.000+01:00,"Ćuprija - Ražanj",,880,2022-01-03T06:57:22.000+01:00,431269088,19450422084,2022-01-02T10:25:24.000+01:00,03.01.2022.,03.01.2022.,"03.01.2022 06:57:22","02.01.2022 10:25:24"
171014,"JugoExsim d.o.o. Beograd-Novi Beograd",109465772,03.01.2022.,2022-01-03T09:03:13.343+01:00,NaplataPutarine,NZ002GH,2022-01-03T09:03:08.000+01:00,"Ražanj - Beograd",,9310,2022-01-03T09:03:08.000+01:00,431269088,19450422084,2022-01-03T06:57:22.000+01:00,03.01.2022.,03.01.2022.,"03.01.2022 09:03:08","03.01.2022 06:57:22"
171014,"JugoExsim d.o.o. Beograd-Novi Beograd",109465772,03.01.2022.,2022-01-03T15:46:24.097+01:00,NaplataPutarine,34JV1134,2022-01-03T15:46:18.000+01:00,"Pirot istok - Beograd",,7280,2022-01-03T15:46:18.000+01:00,431330359,19451034797,2022-01-03T12:14:56.000+01:00,03.01.2022.,03.01.2022.,"03.01.2022 15:46:18","03.01.2022 12:14:56"
171014,"JugoExsim d.o.o. Beograd-Novi Beograd",109465772,03.01.2022.,2022-01-03T19:13:14.744+01:00,NaplataPutarine,34JV1134,2022-01-03T19:13:10.000+01:00,"Šimanovci - Adaševci",,2300,2022-01-03T19:13:10.000+01:00,431330359,19451034797,2022-01-03T18:20:52.000+01:00,03.01.2022.,03.01.2022.,"03.01.2022 19:13:10","03.01.2022 18:20:52"
171014,"JugoExsim d.o.o. Beograd-Novi Beograd",109465772,03.01.2022.,2022-01-03T08:14:19.358+01:00,NaplataPutarine,07ANL805,2022-01-03T08:14:16.000+01:00,"Šimanovci - Šid",,2580,2022-01-03T08:14:16.000+01:00,431330492,19451036123,2022-01-03T07:21:26.000+01:00,03.01.2022.,03.01.2022.,"03.01.2022 08:14:16","03.01.2022 07:21:26"
171014,"JugoExsim d.o.o. Beograd-Novi Beograd",109465772,03.01.2022.,2022-01-03T10:38:01.605+01:00,NaplataPutarine,42AHC588,2022-01-03T10:37:56.000+01:00,"Dimitrovgrad - Pirot istok",,570,2022-01-03T10:37:56.000+01:00,431330494,19451036149,2022-01-03T10:26:56.000+01:00,03.01.2022.,03.01.2022.,"03.01.2022 10:37:56","03.01.2022 10:26:56"
171014,"JugoExsim d.o.o. Beograd-Novi Beograd",109465772,03.01.2022.,2022-01-03T15:37:24.188+01:00,NaplataPutarine,42AHC588,2022-01-03T15:37:22.000+01:00,"Pirot zapad - Beograd",,7020,2022-01-03T15:37:22.000+01:00,431330494,19451036149,2022-01-03T10:51:48.000+01:00,03.01.2022.,03.01.2022.,"03.01.2022 15:37:22","03.01.2022 10:51:48"
171014,"JugoExsim d.o.o. Beograd-Novi Beograd",109465772,03.01.2022.,2022-01-03T16:38:43.424+01:00,NaplataPutarine,42AHC588,2022-01-03T16:38:40.000+01:00,"Šimanovci - Ruma",,880,2022-01-03T16:38:40.000+01:00,431330494,19451036149,2022-01-03T16:20:14.000+01:00,03.01.2022.,03.01.2022.,"03.01.2022 16:38:40","03.01.2022 16:20:14"
171014,"JugoExsim d.o.o. Beograd-Novi Beograd",109465772,03.01.2022.,2022-01-03T10:07:35.343+01:00,NaplataPutarine,42AGT773,2022-01-03T10:07:30.000+01:00,"Šid - Šimanovci",,2580,2022-01-03T10:07:30.000+01:00,431330505,19451036255,2022-01-03T08:12:06.000+01:00,03.01.2022.,03.01.2022.,"03.01.2022 10:07:30","03.01.2022 08:12:06"
171014,"JugoExsim d.o.o. Beograd-Novi Beograd",109465772,03.01.2022.,2022-01-03T11:57:32.274+01:00,NaplataPutarine,42AGT773,2022-01-03T11:57:26.000+01:00,"Beograd - Mali Požarevac",,460,2022-01-03T11:57:26.000+01:00,431330505,19451036255,2022-01-03T11:47:02.000+01:00,03.01.2022.,03.01.2022.,"03.01.2022 11:57:26","03.01.2022 11:47:02"
171014,"JugoExsim d.o.o. Beograd-Novi Beograd",109465772,03.01.2022.,2022-01-03T22:31:41.110+01:00,NaplataPutarine,KA380BV,2022-01-03T22:31:36.000+01:00,"Šid - Šimanovci",,2580,2022-01-03T22:31:36.000+01:00,431331524,19451046445,2022-01-03T21:28:36.000+01:00,03.01.2022.,03.01.2022.,"03.01.2022 22:31:36","03.01.2022 21:28:36"
171014,"JugoExsim d.o.o. Beograd-Novi Beograd",109465772,03.01.2022.,2022-01-03T14:34:50.626+01:00,NaplataPutarine,CB0418PT,2022-01-03T14:34:46.000+01:00,"Dimitrovgrad - Beograd",,7860,2022-01-03T14:34:46.000+01:00,431331558,19451046783,2022-01-03T10:20:54.000+01:00,03.01.2022.,03.01.2022.,"03.01.2022 14:34:46","03.01.2022 10:20:54"
171014,"JugoExsim d.o.o. Beograd-Novi Beograd",109465772,03.01.2022.,2022-01-03T16:19:17.058+01:00,NaplataPutarine,CB0418PT,2022-01-03T16:19:12.000+01:00,"Šimanovci - Šid",,2580,2022-01-03T16:19:12.000+01:00,431331558,19451046783,2022-01-03T15:27:10.000+01:00,03.01.2022.,03.01.2022.,"03.01.2022 16:19:12","03.01.2022 15:27:10"
171014,"JugoExsim d.o.o. Beograd-Novi Beograd",109465772,03.01.2022.,2022-01-03T07:24:48.978+01:00,NaplataPutarine,CB2559PT,2022-01-03T07:24:44.000+01:00,"Dimitrovgrad - Beograd",,7860,2022-01-03T07:24:44.000+01:00,431331568,19451046882,2022-01-03T03:01:16.000+01:00,03.01.2022.,03.01.2022.,"03.01.2022 07:24:44","03.01.2022 03:01:16"
171014,"JugoExsim d.o.o. Beograd-Novi Beograd",109465772,03.01.2022.,2022-01-03T08:58:53.453+01:00,NaplataPutarine,CB2559PT,2022-01-03T08:58:48.000+01:00,"Šimanovci - Šid",,2580,2022-01-03T08:58:48.000+01:00,431331568,19451046882,2022-01-03T08:06:36.000+01:00,03.01.2022.,03.01.2022.,"03.01.2022 08:58:48","03.01.2022 08:06:36"
171014,"JugoExsim d.o.o. Beograd-Novi Beograd",109465772,03.01.2022.,2022-01-03T00:47:20.822+01:00,NaplataPutarine,VZ1036TT,2022-01-03T00:47:20.000+01:00,"Šimanovci - Šid",,2580,2022-01-03T00:47:20.000+01:00,431331614,19451047344,2022-01-02T23:55:26.000+01:00,03.01.2022.,03.01.2022.,"03.01.2022 00:47:20","02.01.2022 23:55:26"
171014,"JugoExsim d.o.o. Beograd-Novi Beograd",109465772,03.01.2022.,2022-01-03T13:39:17.551+01:00,NaplataPutarine,34CZH536,2022-01-03T13:39:14.000+01:00,"Dimitrovgrad - Beograd",,7860,2022-01-03T13:39:14.000+01:00,431331617,19451047377,2022-01-03T10:01:32.000+01:00,03.01.2022.,03.01.2022.,"03.01.2022 13:39:14","03.01.2022 10:01:32"
171014,"JugoExsim d.o.o. Beograd-Novi Beograd",109465772,03.01.2022.,2022-01-03T15:46:29.005+01:00,NaplataPutarine,34CZH536,2022-01-03T15:46:26.000+01:00,"Šimanovci - Šid",,2580,2022-01-03T15:46:26.000+01:00,431331617,19451047377,2022-01-03T14:54:34.000+01:00,03.01.2022.,03.01.2022.,"03.01.2022 15:46:26","03.01.2022 14:54:34"
171014,"JugoExsim d.o.o. Beograd-Novi Beograd",109465772,03.01.2022.,2022-01-03T16:07:46.774+01:00,NaplataPutarine,42AGT782,2022-01-03T16:07:40.000+01:00,"Dimitrovgrad - Niš Malča",,2160,2022-01-03T16:07:40.000+01:00,431334855,19451079750,2022-01-03T15:12:54.000+01:00,03.01.2022.,03.01.2022.,"03.01.2022 16:07:40","03.01.2022 15:12:54"
171014,"JugoExsim d.o.o. Beograd-Novi Beograd",109465772,03.01.2022.,2022-01-03T13:42:36.980+01:00,NaplataPutarine,34CGD129,2022-01-03T13:42:34.000+01:00,"Dimitrovgrad - Beograd",,7860,2022-01-03T13:42:34.000+01:00,431335591,19451087118,2022-01-03T08:20:22.000+01:00,03.01.2022.,03.01.2022.,"03.01.2022 13:42:34","03.01.2022 08:20:22"
171014,"JugoExsim d.o.o. Beograd-Novi Beograd",109465772,03.01.2022.,2022-01-03T15:18:55.330+01:00,NaplataPutarine,34CGD129,2022-01-03T15:18:50.000+01:00,"Šimanovci - Šid",,2580,2022-01-03T15:18:50.000+01:00,431335591,19451087118,2022-01-03T14:23:52.000+01:00,03.01.2022.,03.01.2022.,"03.01.2022 15:18:50","03.01.2022 14:23:52"
171014,"JugoExsim d.o.o. Beograd-Novi Beograd",109465772,03.01.2022.,2022-01-03T22:11:30.947+01:00,NaplataPutarine,34DAL638,2022-01-03T22:11:24.000+01:00,"Dimitrovgrad - Mali Požarevac",,7390,2022-01-03T22:11:24.000+01:00,431339333,19451124531,2022-01-03T18:56:24.000+01:00,03.01.2022.,03.01.2022.,"03.01.2022 22:11:24","03.01.2022 18:56:24"
171014,"JugoExsim d.o.o. Beograd-Novi Beograd",109465772,03.01.2022.,2022-01-03T12:29:52.510+01:00,NaplataPutarine,06BDR344,2022-01-03T12:29:50.000+01:00,"Dimitrovgrad - Beograd",,7860,2022-01-03T12:29:50.000+01:00,431339373,19451124937,2022-01-02T21:53:44.000+01:00,03.01.2022.,03.01.2022.,"03.01.2022 12:29:50","02.01.2022 21:53:44"
171014,"JugoExsim d.o.o. Beograd-Novi Beograd",109465772,03.01.2022.,2022-01-03T14:04:30.962+01:00,NaplataPutarine,06BDR344,2022-01-03T14:04:28.000+01:00,"Šimanovci - Šid",,2580,2022-01-03T14:04:28.000+01:00,431339373,19451124937,2022-01-03T13:12:18.000+01:00,03.01.2022.,03.01.2022.,"03.01.2022 14:04:28","03.01.2022 13:12:18"
171014,"JugoExsim d.o.o. Beograd-Novi Beograd",109465772,03.01.2022.,2022-01-03T18:21:35.563+01:00,NaplataPutarine,A511BH67,2022-01-03T18:21:30.000+01:00,"Preševo - Pojate",,5110,2022-01-03T18:21:30.000+01:00,431490476,19460014525,2022-01-03T15:51:54.000+01:00,03.01.2022.,03.01.2022.,"03.01.2022 18:21:30","03.01.2022 15:51:54"
171014,"JugoExsim d.o.o. Beograd-Novi Beograd",109465772,03.01.2022.,2022-01-03T04:13:00.011+01:00,NaplataPutarine,34CZH615,2022-01-03T04:12:54.000+01:00,"Dimitrovgrad - Beograd",,7860,2022-01-03T04:12:54.000+01:00,431490495,19460014715,2022-01-02T12:19:04.000+01:00,03.01.2022.,03.01.2022.,"03.01.2022 04:12:54","02.01.2022 12:19:04"
171014,"JugoExsim d.o.o. Beograd-Novi Beograd",109465772,03.01.2022.,2022-01-03T05:51:37.770+01:00,NaplataPutarine,34CZH615,2022-01-03T05:51:32.000+01:00,"Šimanovci - Šid",,2580,2022-01-03T05:51:32.000+01:00,431490495,19460014715,2022-01-03T04:57:54.000+01:00,03.01.2022.,03.01.2022.,"03.01.2022 05:51:32","03.01.2022 04:57:54"
171014,"JugoExsim d.o.o. Beograd-Novi Beograd",109465772,03.01.2022.,2022-01-03T05:27:49.084+01:00,NaplataPutarine,K02E759,2022-01-03T05:27:44.000+01:00,"Dimitrovgrad - Beograd",,3930,2022-01-03T05:27:44.000+01:00,431490658,19460016348,2022-01-03T02:10:32.000+01:00,03.01.2022.,03.01.2022.,"03.01.2022 05:27:44","03.01.2022 02:10:32"
171014,"JugoExsim d.o.o. Beograd-Novi Beograd",109465772,03.01.2022.,2022-01-03T06:57:53.829+01:00,NaplataPutarine,K02E759,2022-01-03T06:57:48.000+01:00,"Šimanovci - Kuzmin",,960,2022-01-03T06:57:48.000+01:00,431490658,19460016348,2022-01-03T06:01:02.000+01:00,03.01.2022.,03.01.2022.,"03.01.2022 06:57:48","03.01.2022 06:01:02"
171014,"JugoExsim d.o.o. Beograd-Novi Beograd",109465772,03.01.2022.,2022-01-03T11:02:57.795+01:00,NaplataPutarine,34CZH665,2022-01-03T11:02:52.000+01:00,"Šimanovci - Šid",,2580,2022-01-03T11:02:52.000+01:00,431490674,19460016504,2022-01-03T10:10:56.000+01:00,03.01.2022.,03.01.2022.,"03.01.2022 11:02:52","03.01.2022 10:10:56"
171014,"JugoExsim d.o.o. Beograd-Novi Beograd",109465772,03.01.2022.,2022-01-03T03:15:39.433+01:00,NaplataPutarine,42BZZ40,2022-01-03T03:15:36.000+01:00,"Mali Požarevac - Beograd",,460,2022-01-03T03:15:36.000+01:00,431490681,19460016579,2022-01-03T03:04:48.000+01:00,03.01.2022.,03.01.2022.,"03.01.2022 03:15:36","03.01.2022 03:04:48"
171014,"JugoExsim d.o.o. Beograd-Novi Beograd",109465772,03.01.2022.,2022-01-03T04:52:03.534+01:00,NaplataPutarine,42BZZ40,2022-01-03T04:52:00.000+01:00,"Šimanovci - Šid",,2580,2022-01-03T04:52:00.000+01:00,431490681,19460016579,2022-01-03T03:57:50.000+01:00,03.01.2022.,03.01.2022.,"03.01.2022 04:52:00","03.01.2022 03:57:50"
171014,"JugoExsim d.o.o. Beograd-Novi Beograd",109465772,03.01.2022.,2022-01-03T05:43:11.520+01:00,NaplataPutarine,34CVT94,2022-01-03T05:43:10.000+01:00,"Mali Požarevac - Dimitrovgrad",,7390,2022-01-03T05:43:10.000+01:00,431490706,19460016827,2022-01-03T02:13:30.000+01:00,03.01.2022.,03.01.2022.,"03.01.2022 05:43:10","03.01.2022 02:13:30"
171014,"JugoExsim d.o.o. Beograd-Novi Beograd",109465772,03.01.2022.,2022-01-03T17:57:26.541+01:00,NaplataPutarine,CB3785MK,2022-01-03T17:57:24.000+01:00,"Dimitrovgrad - Mali Požarevac",,7390,2022-01-03T17:57:24.000+01:00,544566794,20290937067,2022-01-03T14:36:18.000+01:00,03.01.2022.,03.01.2022.,"03.01.2022 17:57:24","03.01.2022 14:36:18"
171014,"JugoExsim d.o.o. Beograd-Novi Beograd",109465772,03.01.2022.,2022-01-03T08:08:38.085+01:00,NaplataPutarine,35ATD297,2022-01-03T08:08:34.000+01:00,"Dimitrovgrad - Beograd",,7860,2022-01-03T08:08:34.000+01:00,544566823,20290937356,2022-01-02T19:34:08.000+01:00,03.01.2022.,03.01.2022.,"03.01.2022 08:08:34","02.01.2022 19:34:08"
171014,"JugoExsim d.o.o. Beograd-Novi Beograd",109465772,03.01.2022.,2022-01-03T10:47:33.137+01:00,NaplataPutarine,35ATD297,2022-01-03T10:47:28.000+01:00,"Šimanovci - Šid",,2580,2022-01-03T10:47:28.000+01:00,544566823,20290937356,2022-01-03T08:50:10.000+01:00,03.01.2022.,03.01.2022.,"03.01.2022 10:47:28","03.01.2022 08:50:10"
171014,"JugoExsim d.o.o. Beograd-Novi Beograd",109465772,03.01.2022.,2022-01-03T19:19:25.957+01:00,NaplataPutarine,PA8880BX,2022-01-03T19:19:13.000+01:00,"Dimitrovgrad - Mali Požarevac",,7390,2022-01-03T19:19:13.000+01:00,544566882,20290937943,2022-01-03T15:59:52.000+01:00,03.01.2022.,03.01.2022.,"03.01.2022 19:19:13","03.01.2022 15:59:52"
171014,"JugoExsim d.o.o. Beograd-Novi Beograd",109465772,03.01.2022.,2022-01-03T15:16:25.763+01:00,NaplataPutarine,14GE540,2022-01-03T15:16:22.000+01:00,"Pirot zapad - Beograd",,7020,2022-01-03T15:16:22.000+01:00,544786560,20300513288,2022-01-03T11:54:58.000+01:00,03.01.2022.,03.01.2022.,"03.01.2022 15:16:22","03.01.2022 11:54:58"
171014,"JugoExsim d.o.o. Beograd-Novi Beograd",109465772,03.01.2022.,2022-01-03T18:16:58.829+01:00,NaplataPutarine,81FC319,2022-01-03T18:16:56.000+01:00,"Dimitrovgrad - Vodanj",,7080,2022-01-03T18:16:56.000+01:00,544786565,20300513338,2022-01-03T15:12:14.000+01:00,03.01.2022.,03.01.2022.,"03.01.2022 18:16:56","03.01.2022 15:12:14"
171014,"JugoExsim d.o.o. Beograd-Novi Beograd",109465772,03.01.2022.,2022-01-03T18:28:00.816+01:00,NaplataPutarine,81FC319,2022-01-03T18:27:56.000+01:00,"Vodanj - Mali Požarevac",,310,2022-01-03T18:27:56.000+01:00,544786565,20300513338,2022-01-03T18:17:58.000+01:00,03.01.2022.,03.01.2022.,"03.01.2022 18:27:56","03.01.2022 18:17:58"
171014,"JugoExsim d.o.o. Beograd-Novi Beograd",109465772,03.01.2022.,2022-01-03T19:28:21.374+01:00,NaplataPutarine,81FC319,2022-01-03T19:28:16.000+01:00,"Mali Požarevac - Beograd",,460,2022-01-03T19:28:16.000+01:00,544786565,20300513338,2022-01-03T19:18:52.000+01:00,03.01.2022.,03.01.2022.,"03.01.2022 19:28:16","03.01.2022 19:18:52"
171014,"JugoExsim d.o.o. Beograd-Novi Beograd",109465772,03.01.2022.,2022-01-03T20:59:54.755+01:00,NaplataPutarine,81FC319,2022-01-03T20:59:48.000+01:00,"Šimanovci - Šid",,2580,2022-01-03T20:59:48.000+01:00,544786565,20300513338,2022-01-03T20:09:56.000+01:00,03.01.2022.,03.01.2022.,"03.01.2022 20:59:48","03.01.2022 20:09:56"
171014,"JugoExsim d.o.o. Beograd-Novi Beograd",109465772,03.01.2022.,2022-01-03T18:04:06.026+01:00,NaplataPutarine,38AAT767,2022-01-03T18:04:00.000+01:00,"Pirot zapad - Beograd",,7020,2022-01-03T18:04:00.000+01:00,544786597,20300513650,2022-01-03T14:52:58.000+01:00,03.01.2022.,03.01.2022.,"03.01.2022 18:04:00","03.01.2022 14:52:58"
171014,"JugoExsim d.o.o. Beograd-Novi Beograd",109465772,03.01.2022.,2022-01-03T20:43:22.724+01:00,NaplataPutarine,38AAT767,2022-01-03T20:43:20.000+01:00,"Šimanovci - Šid",,2580,2022-01-03T20:43:20.000+01:00,544786597,20300513650,2022-01-03T19:50:48.000+01:00,03.01.2022.,03.01.2022.,"03.01.2022 20:43:20","03.01.2022 19:50:48"
171014,"JugoExsim d.o.o. Beograd-Novi Beograd",109465772,03.01.2022.,2022-01-03T03:05:17.488+01:00,NaplataPutarine,34EIN344,2022-01-03T03:05:16.000+01:00,"Dimitrovgrad - Beograd",,7860,2022-01-03T03:05:16.000+01:00,544786604,20300513726,2022-01-02T23:36:00.000+01:00,03.01.2022.,03.01.2022.,"03.01.2022 03:05:16","02.01.2022 23:36:00"
171014,"JugoExsim d.o.o. Beograd-Novi Beograd",109465772,03.01.2022.,2022-01-03T16:13:41.886+01:00,NaplataPutarine,34EIN344,2022-01-03T16:13:38.000+01:00,"Šimanovci - Šid",,2580,2022-01-03T16:13:38.000+01:00,544786604,20300513726,2022-01-03T15:21:00.000+01:00,03.01.2022.,03.01.2022.,"03.01.2022 16:13:38","03.01.2022 15:21:00"
171014,"JugoExsim d.o.o. Beograd-Novi Beograd",109465772,03.01.2022.,2022-01-03T19:17:22.810+01:00,NaplataPutarine,LJFH040,2022-01-03T19:17:16.000+01:00,"Šid - Sremska Mitrovica",,1300,2022-01-03T19:17:16.000+01:00,544789461,20300542295,2022-01-03T18:37:12.000+01:00,03.01.2022.,03.01.2022.,"03.01.2022 19:17:16","03.01.2022 18:37:12"
171014,"JugoExsim d.o.o. Beograd-Novi Beograd",109465772,03.01.2022.,2022-01-03T15:20:09.034+01:00,NaplataPutarine,34EJD841,2022-01-03T15:20:04.000+01:00,"Dimitrovgrad - Niš Malča",,2160,2022-01-03T15:20:04.000+01:00,544789488,20300542568,2022-01-03T14:24:16.000+01:00,03.01.2022.,03.01.2022.,"03.01.2022 15:20:04","03.01.2022 14:24:16"
171014,"JugoExsim d.o.o. Beograd-Novi Beograd",109465772,03.01.2022.,2022-01-03T15:43:51.937+01:00,NaplataPutarine,34DZN873,2022-01-03T15:43:46.000+01:00,"Šid - Šimanovci",,2580,2022-01-03T15:43:46.000+01:00,544789495,20300542634,2022-01-03T14:50:44.000+01:00,03.01.2022.,03.01.2022.,"03.01.2022 15:43:46","03.01.2022 14:50:44"
171014,"JugoExsim d.o.o. Beograd-Novi Beograd",109465772,03.01.2022.,2022-01-03T04:48:40.856+01:00,NaplataPutarine,35AYL683,2022-01-03T04:48:34.000+01:00,"Dimitrovgrad - Niš Malča",,2160,2022-01-03T04:48:34.000+01:00,544800742,20300655105,2022-01-03T03:53:20.000+01:00,03.01.2022.,03.01.2022.,"03.01.2022 04:48:34","03.01.2022 03:53:20"
171014,"JugoExsim d.o.o. Beograd-Novi Beograd",109465772,03.01.2022.,2022-01-03T19:05:26.913+01:00,NaplataPutarine,35AYL683,2022-01-03T19:05:24.000+01:00,"Niš Malča - Beograd",,5690,2022-01-03T19:05:24.000+01:00,544800742,20300655105,2022-01-03T16:05:14.000+01:00,03.01.2022.,03.01.2022.,"03.01.2022 19:05:24","03.01.2022 16:05:14"
171014,"JugoExsim d.o.o. Beograd-Novi Beograd",109465772,03.01.2022.,2022-01-03T20:41:07.316+01:00,NaplataPutarine,35AYL683,2022-01-03T20:41:02.000+01:00,"Šimanovci - Šid",,2580,2022-01-03T20:41:02.000+01:00,544800742,20300655105,2022-01-03T19:48:42.000+01:00,03.01.2022.,03.01.2022.,"03.01.2022 20:41:02","03.01.2022 19:48:42"
171014,"JugoExsim d.o.o. Beograd-Novi Beograd",109465772,03.01.2022.,2022-01-03T08:41:00.344+01:00,NaplataPutarine,38AFB223,2022-01-03T08:40:54.000+01:00,"Dimitrovgrad - Beograd",,7860,2022-01-03T08:40:54.000+01:00,544800783,20300655519,2022-01-02T18:11:10.000+01:00,03.01.2022.,03.01.2022.,"03.01.2022 08:40:54","02.01.2022 18:11:10"
171014,"JugoExsim d.o.o. Beograd-Novi Beograd",109465772,03.01.2022.,2022-01-03T10:12:50.702+01:00,NaplataPutarine,38AFB223,2022-01-03T10:12:46.000+01:00,"Šimanovci - Šid",,2580,2022-01-03T10:12:46.000+01:00,544800783,20300655519,2022-01-03T09:21:34.000+01:00,03.01.2022.,03.01.2022.,"03.01.2022 10:12:46","03.01.2022 09:21:34"
171014,"JugoExsim d.o.o. Beograd-Novi Beograd",109465772,03.01.2022.,2022-01-03T09:34:48.290+01:00,NaplataPutarine,42AJF683,2022-01-03T09:34:44.000+01:00,"Dimitrovgrad - Beograd",,7860,2022-01-03T09:34:44.000+01:00,544800792,20300655600,2022-01-03T05:13:36.000+01:00,03.01.2022.,03.01.2022.,"03.01.2022 09:34:44","03.01.2022 05:13:36"
171014,"JugoExsim d.o.o. Beograd-Novi Beograd",109465772,03.01.2022.,2022-01-03T11:09:41.193+01:00,NaplataPutarine,42AJF683,2022-01-03T11:09:36.000+01:00,"Šimanovci - Šid",,2580,2022-01-03T11:09:36.000+01:00,544800792,20300655600,2022-01-03T10:16:54.000+01:00,03.01.2022.,03.01.2022.,"03.01.2022 11:09:36","03.01.2022 10:16:54"
171014,"JugoExsim d.o.o. Beograd-Novi Beograd",109465772,03.01.2022.,2022-01-03T06:57:04.720+01:00,NaplataPutarine,42CVT37,2022-01-03T06:57:02.000+01:00,"Dimitrovgrad - Beograd",,7860,2022-01-03T06:57:02.000+01:00,544800807,20300655758,2022-01-03T03:29:10.000+01:00,03.01.2022.,03.01.2022.,"03.01.2022 06:57:02","03.01.2022 03:29:10"
171014,"JugoExsim d.o.o. Beograd-Novi Beograd",109465772,03.01.2022.,2022-01-03T10:05:24.448+01:00,NaplataPutarine,42CVT37,2022-01-03T10:05:18.000+01:00,"Šimanovci - Šid",,2580,2022-01-03T10:05:18.000+01:00,544800807,20300655758,2022-01-03T09:12:32.000+01:00,03.01.2022.,03.01.2022.,"03.01.2022 10:05:18","03.01.2022 09:12:32"
171014,"JugoExsim d.o.o. Beograd-Novi Beograd",109465772,03.01.2022.,2022-01-03T21:42:51.198+01:00,NaplataPutarine,34EGL411,2022-01-03T21:42:48.000+01:00,"Subotica - Stara Pazova",,3810,2022-01-03T21:42:48.000+01:00,544800831,20300655998,2022-01-03T09:02:42.000+01:00,03.01.2022.,03.01.2022.,"03.01.2022 21:42:48","03.01.2022 09:02:42"
171014,"JugoExsim d.o.o. Beograd-Novi Beograd",109465772,03.01.2022.,2022-01-03T17:03:49.023+01:00,NaplataPutarine,38AFB224,2022-01-03T17:03:46.000+01:00,"Dimitrovgrad - Beograd",,7860,2022-01-03T17:03:46.000+01:00,544801041,20300658091,2022-01-03T12:36:04.000+01:00,03.01.2022.,03.01.2022.,"03.01.2022 17:03:46","03.01.2022 12:36:04"
171014,"JugoExsim d.o.o. Beograd-Novi Beograd",109465772,03.01.2022.,2022-01-03T08:41:00.443+01:00,NaplataPutarine,38AFB229,2022-01-03T08:40:54.000+01:00,"Dimitrovgrad - Beograd",,7860,2022-01-03T08:40:54.000+01:00,544801043,20300658117,2022-01-02T18:11:14.000+01:00,03.01.2022.,03.01.2022.,"03.01.2022 08:40:54","02.01.2022 18:11:14"
171014,"JugoExsim d.o.o. Beograd-Novi Beograd",109465772,03.01.2022.,2022-01-03T10:12:39.906+01:00,NaplataPutarine,38AFB229,2022-01-03T10:12:36.000+01:00,"Šimanovci - Šid",,2580,2022-01-03T10:12:36.000+01:00,544801043,20300658117,2022-01-03T09:21:26.000+01:00,03.01.2022.,03.01.2022.,"03.01.2022 10:12:36","03.01.2022 09:21:26"
171014,"JugoExsim d.o.o. Beograd-Novi Beograd",109465772,03.01.2022.,2022-01-03T03:52:39.907+01:00,NaplataPutarine,81DJ762,2022-01-03T03:52:38.000+01:00,"Dimitrovgrad - Beograd",,7860,2022-01-03T03:52:38.000+01:00,544801052,20300658208,2022-01-02T23:29:00.000+01:00,03.01.2022.,03.01.2022.,"03.01.2022 03:52:38","02.01.2022 23:29:00"
171014,"JugoExsim d.o.o. Beograd-Novi Beograd",109465772,03.01.2022.,2022-01-03T05:26:36.690+01:00,NaplataPutarine,81DJ762,2022-01-03T05:26:32.000+01:00,"Šimanovci - Šid",,2580,2022-01-03T05:26:32.000+01:00,544801052,20300658208,2022-01-03T04:35:06.000+01:00,03.01.2022.,03.01.2022.,"03.01.2022 05:26:32","03.01.2022 04:35:06"
171014,"JugoExsim d.o.o. Beograd-Novi Beograd",109465772,03.01.2022.,2022-01-03T10:16:36.962+01:00,NaplataPutarine,81ABS220,2022-01-03T10:16:32.000+01:00,"Šimanovci - Šid",,2580,2022-01-03T10:16:32.000+01:00,544801084,20300658521,2022-01-03T09:23:26.000+01:00,03.01.2022.,03.01.2022.,"03.01.2022 10:16:32","03.01.2022 09:23:26"
171014,"JugoExsim d.o.o. Beograd-Novi Beograd",109465772,03.01.2022.,2022-01-03T03:49:30.667+01:00,NaplataPutarine,07ART671,2022-01-03T03:49:26.000+01:00,"Niš Malča - Beograd",,5690,2022-01-03T03:49:26.000+01:00,544801097,20300658653,2022-01-03T01:16:30.000+01:00,03.01.2022.,03.01.2022.,"03.01.2022 03:49:26","03.01.2022 01:16:30"
171014,"JugoExsim d.o.o. Beograd-Novi Beograd",109465772,03.01.2022.,2022-01-03T06:12:47.529+01:00,NaplataPutarine,07ART671,2022-01-03T06:12:42.000+01:00,"Šimanovci - Šid",,2580,2022-01-03T06:12:42.000+01:00,544801097,20300658653,2022-01-03T05:20:10.000+01:00,03.01.2022.,03.01.2022.,"03.01.2022 06:12:42","03.01.2022 05:20:10"
171014,"JugoExsim d.o.o. Beograd-Novi Beograd",109465772,03.01.2022.,2022-01-03T05:11:31.346+01:00,NaplataPutarine,14DB470,2022-01-03T05:11:26.000+01:00,"Mali Požarevac - Beograd",,460,2022-01-03T05:11:26.000+01:00,544801130,20300658984,2022-01-03T05:01:10.000+01:00,03.01.2022.,03.01.2022.,"03.01.2022 05:11:26","03.01.2022 05:01:10"
171014,"JugoExsim d.o.o. Beograd-Novi Beograd",109465772,03.01.2022.,2022-01-03T06:45:01.023+01:00,NaplataPutarine,14DB470,2022-01-03T06:44:54.000+01:00,"Šimanovci - Šid",,2580,2022-01-03T06:44:54.000+01:00,544801130,20300658984,2022-01-03T05:53:40.000+01:00,03.01.2022.,03.01.2022.,"03.01.2022 06:44:54","03.01.2022 05:53:40"
171014,"JugoExsim d.o.o. Beograd-Novi Beograd",109465772,03.01.2022.,2022-01-03T13:54:23.936+01:00,NaplataPutarine,PB0362TA,2022-01-03T13:54:18.000+01:00,"Dimitrovgrad - Beograd",,7860,2022-01-03T13:54:18.000+01:00,544801549,20300663174,2022-01-03T09:09:42.000+01:00,03.01.2022.,03.01.2022.,"03.01.2022 13:54:18","03.01.2022 09:09:42"
171014,"JugoExsim d.o.o. Beograd-Novi Beograd",109465772,03.01.2022.,2022-01-03T15:33:30.818+01:00,NaplataPutarine,PB0362TA,2022-01-03T15:33:26.000+01:00,"Šimanovci - Adaševci",,2300,2022-01-03T15:33:26.000+01:00,544801549,20300663174,2022-01-03T14:36:58.000+01:00,03.01.2022.,03.01.2022.,"03.01.2022 15:33:26","03.01.2022 14:36:58"
171014,"JugoExsim d.o.o. Beograd-Novi Beograd",109465772,03.01.2022.,2022-01-03T19:13:12.512+01:00,NaplataPutarine,81FS465,2022-01-03T19:13:08.000+01:00,"Pirot istok - Beograd",,7280,2022-01-03T19:13:08.000+01:00,544801574,20300663422,2022-01-03T15:10:58.000+01:00,03.01.2022.,03.01.2022.,"03.01.2022 19:13:08","03.01.2022 15:10:58"
171014,"JugoExsim d.o.o. Beograd-Novi Beograd",109465772,03.01.2022.,2022-01-03T20:46:04.567+01:00,NaplataPutarine,81FS465,2022-01-03T20:46:00.000+01:00,"Šimanovci - Šid",,2580,2022-01-03T20:46:00.000+01:00,544801574,20300663422,2022-01-03T19:54:10.000+01:00,03.01.2022.,03.01.2022.,"03.01.2022 20:46:00","03.01.2022 19:54:10"
171014,"JugoExsim d.o.o. Beograd-Novi Beograd",109465772,03.01.2022.,2022-01-03T05:33:21.899+01:00,NaplataPutarine,81FP120,2022-01-03T05:33:18.000+01:00,"Pirot istok - Beograd",,9310,2022-01-03T05:33:18.000+01:00,544801577,20300663455,2022-01-02T01:34:44.000+01:00,03.01.2022.,03.01.2022.,"03.01.2022 05:33:18","02.01.2022 01:34:44"
171014,"JugoExsim d.o.o. Beograd-Novi Beograd",109465772,03.01.2022.,2022-01-03T07:06:14.461+01:00,NaplataPutarine,81FP120,2022-01-03T07:06:10.000+01:00,"Šimanovci - Adaševci",,2300,2022-01-03T07:06:10.000+01:00,544801577,20300663455,2022-01-03T06:14:36.000+01:00,03.01.2022.,03.01.2022.,"03.01.2022 07:06:10","03.01.2022 06:14:36"
171014,"JugoExsim d.o.o. Beograd-Novi Beograd",109465772,03.01.2022.,2022-01-03T00:13:26.078+01:00,NaplataPutarine,SK777IK,2022-01-03T00:13:24.000+01:00,"Dimitrovgrad - Beograd",,7860,2022-01-03T00:13:24.000+01:00,544803386,20300681549,2022-01-02T20:52:30.000+01:00,03.01.2022.,03.01.2022.,"03.01.2022 00:13:24","02.01.2022 20:52:30"
171014,"JugoExsim d.o.o. Beograd-Novi Beograd",109465772,03.01.2022.,2022-01-03T02:43:01.167+01:00,NaplataPutarine,SK777IK,2022-01-03T02:42:56.000+01:00,"Šimanovci - Šid",,2580,2022-01-03T02:42:56.000+01:00,544803386,20300681549,2022-01-03T01:51:54.000+01:00,03.01.2022.,03.01.2022.,"03.01.2022 02:42:56","03.01.2022 01:51:54"
171014,"JugoExsim d.o.o. Beograd-Novi Beograd",109465772,03.01.2022.,2022-01-03T01:05:53.328+01:00,NaplataPutarine,34ESC884,2022-01-03T01:05:50.000+01:00,"Dimitrovgrad - Mali Požarevac",,7390,2022-01-03T01:05:50.000+01:00,544808943,20300737119,2022-01-02T21:44:38.000+01:00,03.01.2022.,03.01.2022.,"03.01.2022 01:05:50","02.01.2022 21:44:38"
171014,"JugoExsim d.o.o. Beograd-Novi Beograd",109465772,03.01.2022.,2022-01-03T12:51:24.348+01:00,NaplataPutarine,34ESC884,2022-01-03T12:51:22.000+01:00,"Mali Požarevac - Beograd",,460,2022-01-03T12:51:22.000+01:00,544808943,20300737119,2022-01-03T12:30:32.000+01:00,03.01.2022.,03.01.2022.,"03.01.2022 12:51:22","03.01.2022 12:30:32"
171014,"JugoExsim d.o.o. Beograd-Novi Beograd",109465772,03.01.2022.,2022-01-03T14:26:28.587+01:00,NaplataPutarine,34ESC884,2022-01-03T14:26:22.000+01:00,"Šimanovci - Šid",,2580,2022-01-03T14:26:22.000+01:00,544808943,20300737119,2022-01-03T13:33:50.000+01:00,03.01.2022.,03.01.2022.,"03.01.2022 14:26:22","03.01.2022 13:33:50"
171014,"JugoExsim d.o.o. Beograd-Novi Beograd",109465772,03.01.2022.,2022-01-03T15:36:07.863+01:00,NaplataPutarine,06JSE92,2022-01-03T15:36:06.000+01:00,"Pirot istok - Niš Malča",,1590,2022-01-03T15:36:06.000+01:00,544809009,20300737770,2022-01-03T14:52:30.000+01:00,03.01.2022.,03.01.2022.,"03.01.2022 15:36:06","03.01.2022 14:52:30"
171014,"JugoExsim d.o.o. Beograd-Novi Beograd",109465772,03.01.2022.,2022-01-03T10:43:40.633+01:00,NaplataPutarine,35ATD241,2022-01-03T10:43:38.000+01:00,"Šimanovci - Šid",,2580,2022-01-03T10:43:38.000+01:00,544809014,20300737820,2022-01-03T09:50:04.000+01:00,03.01.2022.,03.01.2022.,"03.01.2022 10:43:38","03.01.2022 09:50:04"
171014,"JugoExsim d.o.o. Beograd-Novi Beograd",109465772,03.01.2022.,2022-01-03T06:57:26.105+01:00,NaplataPutarine,NZ002GH,2022-01-03T06:57:22.000+01:00,"Niš istok - Ražanj",,1390,2022-01-03T06:57:22.000+01:00,544809492,20300742606,2022-01-02T08:41:30.000+01:00,03.01.2022.,03.01.2022.,"03.01.2022 06:57:22","02.01.2022 08:41:30"
171014,"JugoExsim d.o.o. Beograd-Novi Beograd",109465772,03.01.2022.,2022-01-03T09:03:13.554+01:00,NaplataPutarine,NZ002GH,2022-01-03T09:03:08.000+01:00,"Ražanj - Beograd",,4120,2022-01-03T09:03:08.000+01:00,544809492,20300742606,2022-01-03T06:58:26.000+01:00,03.01.2022.,03.01.2022.,"03.01.2022 09:03:08","03.01.2022 06:58:26"
171014,"JugoExsim d.o.o. Beograd-Novi Beograd",109465772,03.01.2022.,2022-01-03T10:36:46.025+01:00,NaplataPutarine,NZ002GH,2022-01-03T10:36:44.000+01:00,"Šimanovci - Šid",,2580,2022-01-03T10:36:44.000+01:00,544809492,20300742606,2022-01-03T09:44:14.000+01:00,03.01.2022.,03.01.2022.,"03.01.2022 10:36:44","03.01.2022 09:44:14"
171014,"JugoExsim d.o.o. Beograd-Novi Beograd",109465772,03.01.2022.,2022-01-03T04:36:30.131+01:00,NaplataPutarine,33AIV173,2022-01-03T04:36:28.000+01:00,"Dimitrovgrad - Beograd",,7860,2022-01-03T04:36:28.000+01:00,544809499,20300742671,2022-01-03T00:14:32.000+01:00,03.01.2022.,03.01.2022.,"03.01.2022 04:36:28","03.01.2022 00:14:32"
171014,"JugoExsim d.o.o. Beograd-Novi Beograd",109465772,03.01.2022.,2022-01-03T06:00:06.368+01:00,NaplataPutarine,33AIV173,2022-01-03T06:00:02.000+01:00,"Šimanovci - Kuzmin",,1900,2022-01-03T06:00:02.000+01:00,544809499,20300742671,2022-01-03T05:18:16.000+01:00,03.01.2022.,03.01.2022.,"03.01.2022 06:00:02","03.01.2022 05:18:16"
171014,"JugoExsim d.o.o. Beograd-Novi Beograd",109465772,03.01.2022.,2022-01-03T00:23:25.981+01:00,NaplataPutarine,16ARL291,2022-01-03T00:23:22.000+01:00,"Dimitrovgrad - Niš Malča",,2160,2022-01-03T00:23:22.000+01:00,544809518,20300742861,2022-01-02T23:30:10.000+01:00,03.01.2022.,03.01.2022.,"03.01.2022 00:23:22","02.01.2022 23:30:10"
171014,"JugoExsim d.o.o. Beograd-Novi Beograd",109465772,03.01.2022.,2022-01-03T14:39:49.630+01:00,NaplataPutarine,16ARL291,2022-01-03T14:39:48.000+01:00,"Niš Malča - Beograd",,5690,2022-01-03T14:39:48.000+01:00,544809518,20300742861,2022-01-03T12:01:22.000+01:00,03.01.2022.,03.01.2022.,"03.01.2022 14:39:48","03.01.2022 12:01:22"
171014,"JugoExsim d.o.o. Beograd-Novi Beograd",109465772,03.01.2022.,2022-01-03T18:43:53.773+01:00,NaplataPutarine,16ARL291,2022-01-03T18:43:52.000+01:00,"Stara Pazova - Subotica",,3810,2022-01-03T18:43:52.000+01:00,544809518,20300742861,2022-01-03T17:12:14.000+01:00,03.01.2022.,03.01.2022.,"03.01.2022 18:43:52","03.01.2022 17:12:14"
171014,"JugoExsim d.o.o. Beograd-Novi Beograd",109465772,03.01.2022.,2022-01-03T14:36:24.543+01:00,NaplataPutarine,34EOR053,2022-01-03T14:36:22.000+01:00,"Pirot zapad - Beograd",,7020,2022-01-03T14:36:22.000+01:00,544809530,20300742986,2022-01-03T00:03:16.000+01:00,03.01.2022.,03.01.2022.,"03.01.2022 14:36:22","03.01.2022 00:03:16"
171014,"JugoExsim d.o.o. Beograd-Novi Beograd",109465772,03.01.2022.,2022-01-03T17:50:15.011+01:00,NaplataPutarine,34EOR053,2022-01-03T17:50:12.000+01:00,"Stara Pazova - Subotica",,3810,2022-01-03T17:50:12.000+01:00,544809530,20300742986,2022-01-03T15:28:08.000+01:00,03.01.2022.,03.01.2022.,"03.01.2022 17:50:12","03.01.2022 15:28:08"
171014,"JugoExsim d.o.o. Beograd-Novi Beograd",109465772,03.01.2022.,2022-01-03T05:47:23.311+01:00,NaplataPutarine,42AJH554,2022-01-03T05:47:22.000+01:00,"Niš Malča - Beograd",,5690,2022-01-03T05:47:22.000+01:00,544819043,20300838115,2022-01-03T03:12:10.000+01:00,03.01.2022.,03.01.2022.,"03.01.2022 05:47:22","03.01.2022 03:12:10"
171014,"JugoExsim d.o.o. Beograd-Novi Beograd",109465772,03.01.2022.,2022-01-03T08:35:24.723+01:00,NaplataPutarine,42AJH554,2022-01-03T08:35:22.000+01:00,"Šimanovci - Šid",,2580,2022-01-03T08:35:22.000+01:00,544819043,20300838115,2022-01-03T07:40:52.000+01:00,03.01.2022.,03.01.2022.,"03.01.2022 08:35:22","03.01.2022 07:40:52"
171014,"JugoExsim d.o.o. Beograd-Novi Beograd",109465772,03.01.2022.,2022-01-03T12:22:42.742+01:00,NaplataPutarine,34DHS111,2022-01-03T12:22:36.000+01:00,"Pirot zapad - Beograd",,7020,2022-01-03T12:22:36.000+01:00,544819096,20300838644,2022-01-02T21:42:30.000+01:00,03.01.2022.,03.01.2022.,"03.01.2022 12:22:36","02.01.2022 21:42:30"
171014,"JugoExsim d.o.o. Beograd-Novi Beograd",109465772,03.01.2022.,2022-01-03T15:39:15.596+01:00,NaplataPutarine,34DHS111,2022-01-03T15:39:10.000+01:00,"Stara Pazova - Subotica",,3810,2022-01-03T15:39:10.000+01:00,544819096,20300838644,2022-01-03T13:13:44.000+01:00,03.01.2022.,03.01.2022.,"03.01.2022 15:39:10","03.01.2022 13:13:44"
171014,"JugoExsim d.o.o. Beograd-Novi Beograd",109465772,03.01.2022.,2022-01-03T22:18:42.251+01:00,NaplataPutarine,34PA0685,2022-01-03T22:18:38.000+01:00,"Dimitrovgrad - Mali Požarevac",,7390,2022-01-03T22:18:38.000+01:00,547444416,20400877443,2022-01-03T18:55:40.000+01:00,03.01.2022.,03.01.2022.,"03.01.2022 22:18:38","03.01.2022 18:55:40"
171014,"JugoExsim d.o.o. Beograd-Novi Beograd",109465772,03.01.2022.,2022-01-03T08:08:03.303+01:00,NaplataPutarine,35AVA812,2022-01-03T08:08:00.000+01:00,"Dimitrovgrad - Beograd",,7860,2022-01-03T08:08:00.000+01:00,547444446,20400877740,2022-01-02T16:58:42.000+01:00,03.01.2022.,03.01.2022.,"03.01.2022 08:08:00","02.01.2022 16:58:42"
171014,"JugoExsim d.o.o. Beograd-Novi Beograd",109465772,03.01.2022.,2022-01-03T09:41:30.497+01:00,NaplataPutarine,35AVA812,2022-01-03T09:41:26.000+01:00,"Šimanovci - Šid",,2580,2022-01-03T09:41:26.000+01:00,547444446,20400877740,2022-01-03T08:49:24.000+01:00,03.01.2022.,03.01.2022.,"03.01.2022 09:41:26","03.01.2022 08:49:24"
171014,"JugoExsim d.o.o. Beograd-Novi Beograd",109465772,03.01.2022.,2022-01-03T15:46:26.401+01:00,NaplataPutarine,LJ570HK,2022-01-03T15:46:22.000+01:00,"Šid - Sremska Mitrovica",,1300,2022-01-03T15:46:22.000+01:00,547444577,20400879050,2022-01-03T15:12:12.000+01:00,03.01.2022.,03.01.2022.,"03.01.2022 15:46:22","03.01.2022 15:12:12"
171014,"JugoExsim d.o.o. Beograd-Novi Beograd",109465772,03.01.2022.,2022-01-03T18:04:06.791+01:00,NaplataPutarine,38AFK834,2022-01-03T18:04:04.000+01:00,"Pirot zapad - Beograd",,7020,2022-01-03T18:04:04.000+01:00,547444579,20400879076,2022-01-03T14:53:04.000+01:00,03.01.2022.,03.01.2022.,"03.01.2022 18:04:04","03.01.2022 14:53:04"
171014,"JugoExsim d.o.o. Beograd-Novi Beograd",109465772,03.01.2022.,2022-01-03T20:43:05.172+01:00,NaplataPutarine,38AFK834,2022-01-03T20:43:02.000+01:00,"Šimanovci - Šid",,2580,2022-01-03T20:43:02.000+01:00,547444579,20400879076,2022-01-03T19:50:40.000+01:00,03.01.2022.,03.01.2022.,"03.01.2022 20:43:02","03.01.2022 19:50:40"
171014,"JugoExsim d.o.o. Beograd-Novi Beograd",109465772,03.01.2022.,2022-01-03T01:14:17.800+01:00,NaplataPutarine,42AJH543,2022-01-03T01:14:12.000+01:00,"Beograd - Dimitrovgrad",,7860,2022-01-03T01:14:12.000+01:00,547444583,20400879118,2022-01-02T20:56:16.000+01:00,03.01.2022.,03.01.2022.,"03.01.2022 01:14:12","02.01.2022 20:56:16"
171014,"JugoExsim d.o.o. Beograd-Novi Beograd",109465772,03.01.2022.,2022-01-03T20:04:07.953+01:00,NaplataPutarine,CB5906CB,2022-01-03T20:04:04.000+01:00,"Merošina - Dimitrovgrad",,2800,2022-01-03T20:04:04.000+01:00,547444602,20400879308,2022-01-03T18:48:54.000+01:00,03.01.2022.,03.01.2022.,"03.01.2022 20:04:04","03.01.2022 18:48:54"
171014,"JugoExsim d.o.o. Beograd-Novi Beograd",109465772,03.01.2022.,2022-01-03T22:09:23.927+01:00,NaplataPutarine,NMSM768,2022-01-03T22:09:22.000+01:00,"Šid - Šimanovci",,2580,2022-01-03T22:09:22.000+01:00,547444605,20400879332,2022-01-03T21:15:46.000+01:00,03.01.2022.,03.01.2022.,"03.01.2022 22:09:22","03.01.2022 21:15:46"
171014,"JugoExsim d.o.o. Beograd-Novi Beograd",109465772,03.01.2022.,2022-01-03T07:26:05.282+01:00,NaplataPutarine,PA6688KC,2022-01-03T07:26:04.000+01:00,"Mali Požarevac - Beograd",,460,2022-01-03T07:26:04.000+01:00,547444626,20400879548,2022-01-03T07:16:12.000+01:00,03.01.2022.,03.01.2022.,"03.01.2022 07:26:04","03.01.2022 07:16:12"
171014,"JugoExsim d.o.o. Beograd-Novi Beograd",109465772,03.01.2022.,2022-01-03T09:06:50.680+01:00,NaplataPutarine,PA6688KC,2022-01-03T09:06:44.000+01:00,"Šimanovci - Adaševci",,2300,2022-01-03T09:06:44.000+01:00,547444626,20400879548,2022-01-03T08:14:24.000+01:00,03.01.2022.,03.01.2022.,"03.01.2022 09:06:44","03.01.2022 08:14:24"
171014,"JugoExsim d.o.o. Beograd-Novi Beograd",109465772,03.01.2022.,2022-01-03T17:22:28.720+01:00,NaplataPutarine,34DGA083,2022-01-03T17:22:24.000+01:00,"Dimitrovgrad - Beograd",,7860,2022-01-03T17:22:24.000+01:00,547445188,20400885164,2022-01-03T13:55:30.000+01:00,03.01.2022.,03.01.2022.,"03.01.2022 17:22:24","03.01.2022 13:55:30"
171014,"JugoExsim d.o.o. Beograd-Novi Beograd",109465772,03.01.2022.,2022-01-03T12:53:00.753+01:00,NaplataPutarine,42AIS461,2022-01-03T12:52:56.000+01:00,"Šid - Šimanovci",,2580,2022-01-03T12:52:56.000+01:00,547445217,20400885453,2022-01-03T12:00:36.000+01:00,03.01.2022.,03.01.2022.,"03.01.2022 12:52:56","03.01.2022 12:00:36"
171014,"JugoExsim d.o.o. Beograd-Novi Beograd",109465772,03.01.2022.,2022-01-03T16:55:02.046+01:00,NaplataPutarine,42AIS461,2022-01-03T16:55:00.000+01:00,"Beograd - Niš Malča",,5690,2022-01-03T16:55:00.000+01:00,547445217,20400885453,2022-01-03T13:35:20.000+01:00,03.01.2022.,03.01.2022.,"03.01.2022 16:55:00","03.01.2022 13:35:20"
171014,"JugoExsim d.o.o. Beograd-Novi Beograd",109465772,03.01.2022.,2022-01-03T12:43:27.727+01:00,NaplataPutarine,42AIZ473,2022-01-03T12:43:22.000+01:00,"Dimitrovgrad - Bela Palanka",,1440,2022-01-03T12:43:22.000+01:00,547445218,20400885461,2022-01-03T12:08:10.000+01:00,03.01.2022.,03.01.2022.,"03.01.2022 12:43:22","03.01.2022 12:08:10"
171014,"JugoExsim d.o.o. Beograd-Novi Beograd",109465772,03.01.2022.,2022-01-03T06:57:32.077+01:00,NaplataPutarine,42CVT54,2022-01-03T06:57:26.000+01:00,"Dimitrovgrad - Beograd",,7860,2022-01-03T06:57:26.000+01:00,547445226,20400885545,2022-01-03T03:29:04.000+01:00,03.01.2022.,03.01.2022.,"03.01.2022 06:57:26","03.01.2022 03:29:04"
171014,"JugoExsim d.o.o. Beograd-Novi Beograd",109465772,03.01.2022.,2022-01-03T10:05:24.912+01:00,NaplataPutarine,42CVT54,2022-01-03T10:05:22.000+01:00,"Šimanovci - Šid",,2580,2022-01-03T10:05:22.000+01:00,547445226,20400885545,2022-01-03T09:12:44.000+01:00,03.01.2022.,03.01.2022.,"03.01.2022 10:05:22","03.01.2022 09:12:44"
171014,"JugoExsim d.o.o. Beograd-Novi Beograd",109465772,03.01.2022.,2022-01-03T15:33:14.970+01:00,NaplataPutarine,14FB123,2022-01-03T15:33:12.000+01:00,"Šid - Šimanovci",,2580,2022-01-03T15:33:12.000+01:00,547445232,20400885602,2022-01-03T14:41:38.000+01:00,03.01.2022.,03.01.2022.,"03.01.2022 15:33:12","03.01.2022 14:41:38"
171014,"JugoExsim d.o.o. Beograd-Novi Beograd",109465772,03.01.2022.,2022-01-03T16:25:47.162+01:00,NaplataPutarine,14FB123,2022-01-03T16:25:40.000+01:00,"Beograd - Mali Požarevac",,460,2022-01-03T16:25:40.000+01:00,547445232,20400885602,2022-01-03T16:16:18.000+01:00,03.01.2022.,03.01.2022.,"03.01.2022 16:25:40","03.01.2022 16:16:18"
171014,"JugoExsim d.o.o. Beograd-Novi Beograd",109465772,03.01.2022.,2022-01-03T20:30:59.494+01:00,NaplataPutarine,14FB123,2022-01-03T20:30:56.000+01:00,"Mali Požarevac - Niš Malča",,5230,2022-01-03T20:30:56.000+01:00,547445232,20400885602,2022-01-03T16:35:50.000+01:00,03.01.2022.,03.01.2022.,"03.01.2022 20:30:56","03.01.2022 16:35:50"
171014,"JugoExsim d.o.o. Beograd-Novi Beograd",109465772,03.01.2022.,2022-01-03T00:52:28.078+01:00,NaplataPutarine,33AFS515,2022-01-03T00:52:24.000+01:00,"Smederevo - Dimitrovgrad",,6790,2022-01-03T00:52:24.000+01:00,547445238,20400885669,2022-01-02T20:43:40.000+01:00,03.01.2022.,03.01.2022.,"03.01.2022 00:52:24","02.01.2022 20:43:40"
171014,"JugoExsim d.o.o. Beograd-Novi Beograd",109465772,03.01.2022.,2022-01-03T12:22:49.222+01:00,NaplataPutarine,34CRZ640,2022-01-03T12:22:48.000+01:00,"Pirot zapad - Beograd",,7020,2022-01-03T12:22:48.000+01:00,547445255,20400885834,2022-01-02T21:42:38.000+01:00,03.01.2022.,03.01.2022.,"03.01.2022 12:22:48","02.01.2022 21:42:38"
171014,"JugoExsim d.o.o. Beograd-Novi Beograd",109465772,03.01.2022.,2022-01-03T15:39:21.893+01:00,NaplataPutarine,34CRZ640,2022-01-03T15:39:18.000+01:00,"Stara Pazova - Subotica",,3810,2022-01-03T15:39:18.000+01:00,547445255,20400885834,2022-01-03T13:13:56.000+01:00,03.01.2022.,03.01.2022.,"03.01.2022 15:39:18","03.01.2022 13:13:56"
171014,"JugoExsim d.o.o. Beograd-Novi Beograd",109465772,03.01.2022.,2022-01-03T15:04:27.273+01:00,NaplataPutarine,42AIV989,2022-01-03T15:04:22.000+01:00,"Šid - Šimanovci",,2580,2022-01-03T15:04:22.000+01:00,547445265,20400885933,2022-01-03T14:11:22.000+01:00,03.01.2022.,03.01.2022.,"03.01.2022 15:04:22","03.01.2022 14:11:22"
171014,"JugoExsim d.o.o. Beograd-Novi Beograd",109465772,03.01.2022.,2022-01-03T16:04:55.108+01:00,NaplataPutarine,42AIV989,2022-01-03T16:04:50.000+01:00,"Beograd - Mali Požarevac",,460,2022-01-03T16:04:50.000+01:00,547445265,20400885933,2022-01-03T15:53:52.000+01:00,03.01.2022.,03.01.2022.,"03.01.2022 16:04:50","03.01.2022 15:53:52"
171014,"JugoExsim d.o.o. Beograd-Novi Beograd",109465772,03.01.2022.,2022-01-03T13:54:31.604+01:00,NaplataPutarine,EH5507KT,2022-01-03T13:54:28.000+01:00,"Paraćin - Beograd",,3500,2022-01-03T13:54:28.000+01:00,547445674,20400890024,2022-01-03T12:20:28.000+01:00,03.01.2022.,03.01.2022.,"03.01.2022 13:54:28","03.01.2022 12:20:28"
171014,"JugoExsim d.o.o. Beograd-Novi Beograd",109465772,03.01.2022.,2022-01-03T16:35:08.662+01:00,NaplataPutarine,EH5507KT,2022-01-03T16:35:08.000+01:00,"Šimanovci - Šid",,2580,2022-01-03T16:35:08.000+01:00,547445674,20400890024,2022-01-03T14:36:50.000+01:00,03.01.2022.,03.01.2022.,"03.01.2022 16:35:08","03.01.2022 14:36:50"
171014,"JugoExsim d.o.o. Beograd-Novi Beograd",109465772,03.01.2022.,2022-01-03T22:09:17.802+01:00,NaplataPutarine,NMCK267,2022-01-03T22:09:12.000+01:00,"Šid - Šimanovci",,2580,2022-01-03T22:09:12.000+01:00,547445714,20400890420,2022-01-03T21:04:08.000+01:00,03.01.2022.,03.01.2022.,"03.01.2022 22:09:12","03.01.2022 21:04:08"
171014,"JugoExsim d.o.o. Beograd-Novi Beograd",109465772,03.01.2022.,2022-01-03T18:21:04.166+01:00,NaplataPutarine,DA506GT,2022-01-03T18:20:58.000+01:00,"Požarevac - Beograd",,1110,2022-01-03T18:20:58.000+01:00,547445763,20400890917,2022-01-03T17:54:32.000+01:00,03.01.2022.,03.01.2022.,"03.01.2022 18:20:58","03.01.2022 17:54:32"
171014,"JugoExsim d.o.o. Beograd-Novi Beograd",109465772,03.01.2022.,2022-01-03T14:36:12.557+01:00,NaplataPutarine,34DIN621,2022-01-03T14:36:10.000+01:00,"Pirot zapad - Beograd",,7020,2022-01-03T14:36:10.000+01:00,547446953,20400902811,2022-01-03T00:03:10.000+01:00,03.01.2022.,03.01.2022.,"03.01.2022 14:36:10","03.01.2022 00:03:10"
171014,"JugoExsim d.o.o. Beograd-Novi Beograd",109465772,03.01.2022.,2022-01-03T17:50:09.029+01:00,NaplataPutarine,34DIN621,2022-01-03T17:50:08.000+01:00,"Stara Pazova - Subotica",,3810,2022-01-03T17:50:08.000+01:00,547446953,20400902811,2022-01-03T15:28:04.000+01:00,03.01.2022.,03.01.2022.,"03.01.2022 17:50:08","03.01.2022 15:28:04"
171014,"JugoExsim d.o.o. Beograd-Novi Beograd",109465772,03.01.2022.,2022-01-03T12:22:49.125+01:00,NaplataPutarine,34DPG289,2022-01-03T12:22:48.000+01:00,"Pirot zapad - Beograd",,7020,2022-01-03T12:22:48.000+01:00,547447422,20400907505,2022-01-02T21:42:48.000+01:00,03.01.2022.,03.01.2022.,"03.01.2022 12:22:48","02.01.2022 21:42:48"
171014,"JugoExsim d.o.o. Beograd-Novi Beograd",109465772,03.01.2022.,2022-01-03T15:39:27.704+01:00,NaplataPutarine,34DPG289,2022-01-03T15:39:24.000+01:00,"Stara Pazova - Subotica",,3810,2022-01-03T15:39:24.000+01:00,547447422,20400907505,2022-01-03T13:14:06.000+01:00,03.01.2022.,03.01.2022.,"03.01.2022 15:39:24","03.01.2022 13:14:06"
171014,"JugoExsim d.o.o. Beograd-Novi Beograd",109465772,03.01.2022.,2022-01-03T15:01:05.269+01:00,NaplataPutarine,14NA113,2022-01-03T15:01:02.000+01:00,"Šimanovci - Šid",,2580,2022-01-03T15:01:02.000+01:00,547447461,20400907893,2022-01-03T14:08:08.000+01:00,03.01.2022.,03.01.2022.,"03.01.2022 15:01:02","03.01.2022 14:08:08"
171014,"JugoExsim d.o.o. Beograd-Novi Beograd",109465772,03.01.2022.,2022-01-03T19:33:16.292+01:00,NaplataPutarine,TE6000VL,2022-01-03T19:33:10.000+01:00,"Preševo - Beograd",,8910,2022-01-03T19:33:10.000+01:00,547451631,20400949598,2022-01-03T14:43:10.000+01:00,03.01.2022.,03.01.2022.,"03.01.2022 19:33:10","03.01.2022 14:43:10"
171014,"JugoExsim d.o.o. Beograd-Novi Beograd",109465772,03.01.2022.,2022-01-03T13:31:21.914+01:00,NaplataPutarine,34KJ0440,2022-01-03T13:31:16.000+01:00,"Pirot istok - Niš Malča",,1590,2022-01-03T13:31:16.000+01:00,547451994,20400953228,2022-01-03T12:43:38.000+01:00,03.01.2022.,03.01.2022.,"03.01.2022 13:31:16","03.01.2022 12:43:38"
171014,"JugoExsim d.o.o. Beograd-Novi Beograd",109465772,03.01.2022.,2022-01-03T19:02:04.807+01:00,NaplataPutarine,35EK737,2022-01-03T19:02:00.000+01:00,"Šid - Šimanovci",,2580,2022-01-03T19:02:00.000+01:00,547452035,20400953632,2022-01-03T18:05:20.000+01:00,03.01.2022.,03.01.2022.,"03.01.2022 19:02:00","03.01.2022 18:05:20"
171014,"JugoExsim d.o.o. Beograd-Novi Beograd",109465772,03.01.2022.,2022-01-03T22:24:19.541+01:00,NaplataPutarine,35ATS115,2022-01-03T22:24:16.000+01:00,"Dimitrovgrad - Beograd",,7860,2022-01-03T22:24:16.000+01:00,547452058,20400953863,2022-01-03T18:17:54.000+01:00,03.01.2022.,03.01.2022.,"03.01.2022 22:24:16","03.01.2022 18:17:54"
171014,"JugoExsim d.o.o. Beograd-Novi Beograd",109465772,03.01.2022.,2022-01-03T06:53:13.877+01:00,NaplataPutarine,35ATR892,2022-01-03T06:53:08.000+01:00,"Preševo - Beograd",,8910,2022-01-03T06:53:08.000+01:00,547452066,20400953947,2022-01-02T13:01:20.000+01:00,03.01.2022.,03.01.2022.,"03.01.2022 06:53:08","02.01.2022 13:01:20"
171014,"JugoExsim d.o.o. Beograd-Novi Beograd",109465772,03.01.2022.,2022-01-03T08:29:50.236+01:00,NaplataPutarine,35ATR892,2022-01-03T08:29:48.000+01:00,"Šimanovci - Šid",,2580,2022-01-03T08:29:48.000+01:00,547452066,20400953947,2022-01-03T07:34:08.000+01:00,03.01.2022.,03.01.2022.,"03.01.2022 08:29:48","03.01.2022 07:34:08"
171014,"JugoExsim d.o.o. Beograd-Novi Beograd",109465772,03.01.2022.,2022-01-03T20:24:34.569+01:00,NaplataPutarine,PGGF453,2022-01-03T20:24:30.000+01:00,"Ruma - Šid",,1700,2022-01-03T20:24:30.000+01:00,547672422,20410536062,2022-01-03T19:48:46.000+01:00,03.01.2022.,03.01.2022.,"03.01.2022 20:24:30","03.01.2022 19:48:46"
171014,"JugoExsim d.o.o. Beograd-Novi Beograd",109465772,03.01.2022.,2022-01-03T09:59:06.257+01:00,NaplataPutarine,35ATS114,2022-01-03T09:59:00.000+01:00,"Preševo - Beograd",,8910,2022-01-03T09:59:00.000+01:00,547672445,20410536294,2022-01-02T18:30:18.000+01:00,03.01.2022.,03.01.2022.,"03.01.2022 09:59:00","02.01.2022 18:30:18"
171014,"JugoExsim d.o.o. Beograd-Novi Beograd",109465772,03.01.2022.,2022-01-03T11:32:55.353+01:00,NaplataPutarine,35ATS114,2022-01-03T11:32:50.000+01:00,"Šimanovci - Šid",,2580,2022-01-03T11:32:50.000+01:00,547672445,20410536294,2022-01-03T10:40:24.000+01:00,03.01.2022.,03.01.2022.,"03.01.2022 11:32:50","03.01.2022 10:40:24"
171014,"JugoExsim d.o.o. Beograd-Novi Beograd",109465772,03.01.2022.,2022-01-03T19:22:16.745+01:00,NaplataPutarine,22ABR125,2022-01-03T19:22:12.000+01:00,"Dimitrovgrad - Niš Malča",,2160,2022-01-03T19:22:12.000+01:00,547672492,20410536765,2022-01-03T18:27:22.000+01:00,03.01.2022.,03.01.2022.,"03.01.2022 19:22:12","03.01.2022 18:27:22"
171014,"JugoExsim d.o.o. Beograd-Novi Beograd",109465772,03.01.2022.,2022-01-03T23:06:22.884+01:00,NaplataPutarine,22ABR125,2022-01-03T23:06:20.000+01:00,"Niš Malča - Beograd",,5690,2022-01-03T23:06:20.000+01:00,547672492,20410536765,2022-01-03T20:32:42.000+01:00,03.01.2022.,03.01.2022.,"03.01.2022 23:06:20","03.01.2022 20:32:42"
171014,"JugoExsim d.o.o. Beograd-Novi Beograd",109465772,03.01.2022.,2022-01-03T22:08:28.799+01:00,NaplataPutarine,81ABP401,2022-01-03T22:08:24.000+01:00,"Dimitrovgrad - Beograd",,7860,2022-01-03T22:08:24.000+01:00,547672513,20410536971,2022-01-03T17:31:22.000+01:00,03.01.2022.,03.01.2022.,"03.01.2022 22:08:24","03.01.2022 17:31:22"
171014,"JugoExsim d.o.o. Beograd-Novi Beograd",109465772,03.01.2022.,2022-01-03T23:41:09.068+01:00,NaplataPutarine,81ABP401,2022-01-03T23:41:06.000+01:00,"Šimanovci - Šid",,2580,2022-01-03T23:41:06.000+01:00,547672513,20410536971,2022-01-03T22:48:56.000+01:00,03.01.2022.,03.01.2022.,"03.01.2022 23:41:06","03.01.2022 22:48:56"
171014,"JugoExsim d.o.o. Beograd-Novi Beograd",109465772,03.01.2022.,2022-01-03T06:43:40.805+01:00,NaplataPutarine,RI5733E,2022-01-03T06:43:38.000+01:00,"Stara Pazova - Subotica",,3810,2022-01-03T06:43:38.000+01:00,547686748,20410679326,2022-01-03T05:18:30.000+01:00,03.01.2022.,03.01.2022.,"03.01.2022 06:43:38","03.01.2022 05:18:30"
171014,"JugoExsim d.o.o. Beograd-Novi Beograd",109465772,03.01.2022.,2022-01-03T18:10:20.370+01:00,NaplataPutarine,RI5460C,2022-01-03T18:10:16.000+01:00,"Šid - Šimanovci",,2580,2022-01-03T18:10:16.000+01:00,547686798,20410679821,2022-01-03T17:21:52.000+01:00,03.01.2022.,03.01.2022.,"03.01.2022 18:10:16","03.01.2022 17:21:52"
171014,"JugoExsim d.o.o. Beograd-Novi Beograd",109465772,03.01.2022.,2022-01-03T13:31:54.542+01:00,NaplataPutarine,PB2248TT,2022-01-03T13:31:52.000+01:00,"Pirot istok - Smederevo",,6210,2022-01-03T13:31:52.000+01:00,547686832,20410680167,2022-01-03T09:18:12.000+01:00,03.01.2022.,03.01.2022.,"03.01.2022 13:31:52","03.01.2022 09:18:12"
171014,"JugoExsim d.o.o. Beograd-Novi Beograd",109465772,03.01.2022.,2022-01-03T14:32:11.567+01:00,NaplataPutarine,42AIL954,2022-01-03T14:32:08.000+01:00,"Dimitrovgrad - Niš Malča",,2160,2022-01-03T14:32:08.000+01:00,547686847,20410680316,2022-01-03T13:30:34.000+01:00,03.01.2022.,03.01.2022.,"03.01.2022 14:32:08","03.01.2022 13:30:34"
171014,"JugoExsim d.o.o. Beograd-Novi Beograd",109465772,03.01.2022.,2022-01-03T13:32:05.466+01:00,NaplataPutarine,PB4146XT,2022-01-03T13:32:02.000+01:00,"Dimitrovgrad - Smederevo",,6790,2022-01-03T13:32:02.000+01:00,547686856,20410680407,2022-01-03T09:08:02.000+01:00,03.01.2022.,03.01.2022.,"03.01.2022 13:32:02","03.01.2022 09:08:02"
171014,"JugoExsim d.o.o. Beograd-Novi Beograd",109465772,03.01.2022.,2022-01-03T02:54:43.971+01:00,NaplataPutarine,42AIM654,2022-01-03T02:54:40.000+01:00,"Pirot zapad - Beograd",,9310,2022-01-03T02:54:40.000+01:00,547686859,20410680431,2022-01-01T15:59:32.000+01:00,03.01.2022.,03.01.2022.,"03.01.2022 02:54:40","01.01.2022 15:59:32"
171014,"JugoExsim d.o.o. Beograd-Novi Beograd",109465772,03.01.2022.,2022-01-03T04:28:39.850+01:00,NaplataPutarine,42AIM654,2022-01-03T04:28:34.000+01:00,"Šimanovci - Adaševci",,2300,2022-01-03T04:28:34.000+01:00,547686859,20410680431,2022-01-03T03:35:54.000+01:00,03.01.2022.,03.01.2022.,"03.01.2022 04:28:34","03.01.2022 03:35:54"
171014,"JugoExsim d.o.o. Beograd-Novi Beograd",109465772,03.01.2022.,2022-01-03T18:20:33.576+01:00,NaplataPutarine,DA517GT,2022-01-03T18:20:28.000+01:00,"Šid - Šimanovci",,2580,2022-01-03T18:20:28.000+01:00,547686868,20410680522,2022-01-03T17:19:44.000+01:00,03.01.2022.,03.01.2022.,"03.01.2022 18:20:28","03.01.2022 17:19:44"
171014,"JugoExsim d.o.o. Beograd-Novi Beograd",109465772,03.01.2022.,2022-01-03T12:06:28.730+01:00,NaplataPutarine,16ANS967,2022-01-03T12:06:26.000+01:00,"Mali Požarevac - Pirot zapad",,6550,2022-01-03T12:06:26.000+01:00,547686898,20410680829,2022-01-03T09:06:34.000+01:00,03.01.2022.,03.01.2022.,"03.01.2022 12:06:26","03.01.2022 09:06:34"
171014,"JugoExsim d.o.o. Beograd-Novi Beograd",109465772,03.01.2022.,2022-01-03T12:28:51.495+01:00,NaplataPutarine,LJDIMIC1,2022-01-03T12:28:46.000+01:00,"Pećinci - Šimanovci",,500,2022-01-03T12:28:46.000+01:00,547687052,20410682361,2022-01-03T12:18:32.000+01:00,03.01.2022.,03.01.2022.,"03.01.2022 12:28:46","03.01.2022 12:18:32"
171014,"JugoExsim d.o.o. Beograd-Novi Beograd",109465772,03.01.2022.,2022-01-03T20:28:38.352+01:00,NaplataPutarine,LJDIMIC1,2022-01-03T20:28:32.000+01:00,"Šimanovci - Adaševci",,2300,2022-01-03T20:28:32.000+01:00,547687052,20410682361,2022-01-03T17:10:04.000+01:00,03.01.2022.,03.01.2022.,"03.01.2022 20:28:32","03.01.2022 17:10:04"
171014,"JugoExsim d.o.o. Beograd-Novi Beograd",109465772,03.01.2022.,2022-01-03T02:42:14.660+01:00,NaplataPutarine,16ANN071,2022-01-03T02:42:10.000+01:00,"Šimanovci - Šid",,2580,2022-01-03T02:42:10.000+01:00,547688723,20410699076,2022-01-03T01:50:28.000+01:00,03.01.2022.,03.01.2022.,"03.01.2022 02:42:10","03.01.2022 01:50:28"
171014,"JugoExsim d.o.o. Beograd-Novi Beograd",109465772,03.01.2022.,2022-01-03T00:16:22.355+01:00,NaplataPutarine,35ATR968,2022-01-03T00:16:18.000+01:00,"Preševo - Beograd",,8910,2022-01-03T00:16:18.000+01:00,547688740,20410699241,2022-01-02T18:55:44.000+01:00,03.01.2022.,03.01.2022.,"03.01.2022 00:16:18","02.01.2022 18:55:44"
171014,"JugoExsim d.o.o. Beograd-Novi Beograd",109465772,03.01.2022.,2022-01-03T13:02:20.945+01:00,NaplataPutarine,35ATR968,2022-01-03T13:02:18.000+01:00,"Šimanovci - Šid",,2580,2022-01-03T13:02:18.000+01:00,547688740,20410699241,2022-01-03T12:09:42.000+01:00,03.01.2022.,03.01.2022.,"03.01.2022 13:02:18","03.01.2022 12:09:42"
171014,"JugoExsim d.o.o. Beograd-Novi Beograd",109465772,03.01.2022.,2022-01-03T06:57:04.613+01:00,NaplataPutarine,42HT253,2022-01-03T06:57:02.000+01:00,"Dimitrovgrad - Beograd",,7860,2022-01-03T06:57:02.000+01:00,547688745,20410699290,2022-01-03T03:28:56.000+01:00,03.01.2022.,03.01.2022.,"03.01.2022 06:57:02","03.01.2022 03:28:56"
171014,"JugoExsim d.o.o. Beograd-Novi Beograd",109465772,03.01.2022.,2022-01-03T10:05:13.257+01:00,NaplataPutarine,42HT253,2022-01-03T10:05:10.000+01:00,"Šimanovci - Šid",,2580,2022-01-03T10:05:10.000+01:00,547688745,20410699290,2022-01-03T09:12:26.000+01:00,03.01.2022.,03.01.2022.,"03.01.2022 10:05:10","03.01.2022 09:12:26"
171014,"JugoExsim d.o.o. Beograd-Novi Beograd",109465772,03.01.2022.,2022-01-03T12:53:06.743+01:00,NaplataPutarine,34DTJ367,2022-01-03T12:53:02.000+01:00,"Šid - Šimanovci",,2580,2022-01-03T12:53:02.000+01:00,547691275,20410724593,2022-01-03T12:00:50.000+01:00,03.01.2022.,03.01.2022.,"03.01.2022 12:53:02","03.01.2022 12:00:50"
171014,"JugoExsim d.o.o. Beograd-Novi Beograd",109465772,03.01.2022.,2022-01-03T16:40:02.862+01:00,NaplataPutarine,34DTJ367,2022-01-03T16:39:58.000+01:00,"Beograd - Niš Malča",,5690,2022-01-03T16:39:58.000+01:00,547691275,20410724593,2022-01-03T13:35:22.000+01:00,03.01.2022.,03.01.2022.,"03.01.2022 16:39:58","03.01.2022 13:35:22"
171014,"JugoExsim d.o.o. Beograd-Novi Beograd",109465772,03.01.2022.,2022-01-03T11:50:19.720+01:00,NaplataPutarine,PZ360EH,2022-01-03T11:50:18.000+01:00,"Beograd - Pirot istok",,7280,2022-01-03T11:50:18.000+01:00,547691645,20410728297,2022-01-02T19:00:54.000+01:00,03.01.2022.,03.01.2022.,"03.01.2022 11:50:18","02.01.2022 19:00:54"
171014,"JugoExsim d.o.o. Beograd-Novi Beograd",109465772,03.01.2022.,2022-01-03T20:39:25.430+01:00,NaplataPutarine,42AHZ749,2022-01-03T20:39:20.000+01:00,"Dimitrovgrad - Beograd",,7860,2022-01-03T20:39:20.000+01:00,547691718,20410729022,2022-01-03T05:12:14.000+01:00,03.01.2022.,03.01.2022.,"03.01.2022 20:39:20","03.01.2022 05:12:14"
171014,"JugoExsim d.o.o. Beograd-Novi Beograd",109465772,03.01.2022.,2022-01-03T22:12:25.635+01:00,NaplataPutarine,42AHZ749,2022-01-03T22:12:20.000+01:00,"Šimanovci - Šid",,2580,2022-01-03T22:12:20.000+01:00,547691718,20410729022,2022-01-03T21:20:04.000+01:00,03.01.2022.,03.01.2022.,"03.01.2022 22:12:20","03.01.2022 21:20:04"
171014,"JugoExsim d.o.o. Beograd-Novi Beograd",109465772,03.01.2022.,2022-01-03T05:26:46.772+01:00,NaplataPutarine,PGHB082,2022-01-03T05:26:42.000+01:00,"Preševo - Beograd",,8910,2022-01-03T05:26:42.000+01:00,547691796,20410729808,2022-01-02T15:23:18.000+01:00,03.01.2022.,03.01.2022.,"03.01.2022 05:26:42","02.01.2022 15:23:18"
171014,"JugoExsim d.o.o. Beograd-Novi Beograd",109465772,03.01.2022.,2022-01-03T07:01:02.384+01:00,NaplataPutarine,PGHB082,2022-01-03T07:00:58.000+01:00,"Šimanovci - Šid",,2580,2022-01-03T07:00:58.000+01:00,547691796,20410729808,2022-01-03T06:09:22.000+01:00,03.01.2022.,03.01.2022.,"03.01.2022 07:00:58","03.01.2022 06:09:22"
171014,"JugoExsim d.o.o. Beograd-Novi Beograd",109465772,03.01.2022.,2022-01-03T18:05:52.158+01:00,NaplataPutarine,E81M485,2022-01-03T18:05:46.000+01:00,"Dimitrovgrad - Beograd",,7860,2022-01-03T18:05:46.000+01:00,547692075,20410732596,2022-01-03T14:38:08.000+01:00,03.01.2022.,03.01.2022.,"03.01.2022 18:05:46","03.01.2022 14:38:08"
171014,"JugoExsim d.o.o. Beograd-Novi Beograd",109465772,03.01.2022.,2022-01-03T20:15:45.535+01:00,NaplataPutarine,E81M485,2022-01-03T20:15:40.000+01:00,"Šimanovci - Kuzmin",,1900,2022-01-03T20:15:40.000+01:00,547692075,20410732596,2022-01-03T19:34:20.000+01:00,03.01.2022.,03.01.2022.,"03.01.2022 20:15:40","03.01.2022 19:34:20"
171014,"JugoExsim d.o.o. Beograd-Novi Beograd",109465772,03.01.2022.,2022-01-03T03:04:30.110+01:00,NaplataPutarine,47AAT887,2022-01-03T03:04:28.000+01:00,"Dimitrovgrad - Pojate",,4050,2022-01-03T03:04:28.000+01:00,560259971,21250582430,2022-01-03T00:14:30.000+01:00,03.01.2022.,03.01.2022.,"03.01.2022 03:04:28","03.01.2022 00:14:30"
171014,"JugoExsim d.o.o. Beograd-Novi Beograd",109465772,03.01.2022.,2022-01-03T13:21:24.059+01:00,NaplataPutarine,81FR526,2022-01-03T13:21:22.000+01:00,"Stara Pazova - Subotica",,3810,2022-01-03T13:21:22.000+01:00,560260013,21250582851,2022-01-03T00:24:14.000+01:00,03.01.2022.,03.01.2022.,"03.01.2022 13:21:22","03.01.2022 00:24:14"
171014,"JugoExsim d.o.o. Beograd-Novi Beograd",109465772,03.01.2022.,2022-01-03T13:04:00.888+01:00,NaplataPutarine,34EJM499,2022-01-03T13:03:56.000+01:00,"Dimitrovgrad - Beograd",,7860,2022-01-03T13:03:56.000+01:00,560263354,21250616261,2022-01-02T21:14:14.000+01:00,03.01.2022.,03.01.2022.,"03.01.2022 13:03:56","02.01.2022 21:14:14"
171014,"JugoExsim d.o.o. Beograd-Novi Beograd",109465772,03.01.2022.,2022-01-03T14:39:31.977+01:00,NaplataPutarine,34EJM499,2022-01-03T14:39:26.000+01:00,"Šimanovci - Šid",,2580,2022-01-03T14:39:26.000+01:00,560263354,21250616261,2022-01-03T13:46:26.000+01:00,03.01.2022.,03.01.2022.,"03.01.2022 14:39:26","03.01.2022 13:46:26"
171014,"JugoExsim d.o.o. Beograd-Novi Beograd",109465772,03.01.2022.,2022-01-03T13:21:34.820+01:00,NaplataPutarine,81DS460,2022-01-03T13:21:28.000+01:00,"Stara Pazova - Subotica",,3810,2022-01-03T13:21:28.000+01:00,560263411,21250616832,2022-01-03T00:24:18.000+01:00,03.01.2022.,03.01.2022.,"03.01.2022 13:21:28","03.01.2022 00:24:18"
171014,"JugoExsim d.o.o. Beograd-Novi Beograd",109465772,03.01.2022.,2022-01-03T12:46:35.545+01:00,NaplataPutarine,LRJS84,2022-01-03T12:46:26.000+01:00,"Šimanovci - Sremska Mitrovica",,210,2022-01-03T12:46:26.000+01:00,560268123,21250663958,2022-01-03T12:30:04.000+01:00,03.01.2022.,03.01.2022.,"03.01.2022 12:46:26","03.01.2022 12:30:04"
171014,"JugoExsim d.o.o. Beograd-Novi Beograd",109465772,03.01.2022.,2022-01-03T14:22:12.735+01:00,NaplataPutarine,LRJS84,2022-01-03T14:22:06.000+01:00,"Sremska Mitrovica - Šimanovci",,210,2022-01-03T14:22:06.000+01:00,560268123,21250663958,2022-01-03T14:03:40.000+01:00,03.01.2022.,03.01.2022.,"03.01.2022 14:22:06","03.01.2022 14:03:40"
171014,"JugoExsim d.o.o. Beograd-Novi Beograd",109465772,03.01.2022.,2022-01-03T13:39:29.605+01:00,NaplataPutarine,34DLN244,2022-01-03T13:39:28.000+01:00,"Dimitrovgrad - Batočina",,5490,2022-01-03T13:39:28.000+01:00,562097737,21320610013,2022-01-03T09:52:42.000+01:00,03.01.2022.,03.01.2022.,"03.01.2022 13:39:28","03.01.2022 09:52:42"
171014,"JugoExsim d.o.o. Beograd-Novi Beograd",109465772,03.01.2022.,2022-01-03T22:29:10.682+01:00,NaplataPutarine,33AGF291,2022-01-03T22:29:04.000+01:00,"Smederevo - Dimitrovgrad",,6790,2022-01-03T22:29:04.000+01:00,562097801,21320610658,2022-01-03T18:30:48.000+01:00,03.01.2022.,03.01.2022.,"03.01.2022 22:29:04","03.01.2022 18:30:48"
171014,"JugoExsim d.o.o. Beograd-Novi Beograd",109465772,03.01.2022.,2022-01-03T21:40:45.880+01:00,NaplataPutarine,41AFP408,2022-01-03T21:40:42.000+01:00,"Dimitrovgrad - Niš Malča",,2160,2022-01-03T21:40:42.000+01:00,562097834,21320610989,2022-01-03T20:46:18.000+01:00,03.01.2022.,03.01.2022.,"03.01.2022 21:40:42","03.01.2022 20:46:18"
171014,"JugoExsim d.o.o. Beograd-Novi Beograd",109465772,03.01.2022.,2022-01-03T03:22:12.952+01:00,NaplataPutarine,42ADH819,2022-01-03T03:22:06.000+01:00,"Beograd - Dimitrovgrad",,7860,2022-01-03T03:22:06.000+01:00,562098681,21320619451,2022-01-02T23:00:14.000+01:00,03.01.2022.,03.01.2022.,"03.01.2022 03:22:06","02.01.2022 23:00:14"
171014,"JugoExsim d.o.o. Beograd-Novi Beograd",109465772,03.01.2022.,2022-01-03T12:36:05.145+01:00,NaplataPutarine,35BAG946,2022-01-03T12:36:00.000+01:00,"Dimitrovgrad - Pojate",,4050,2022-01-03T12:36:00.000+01:00,562098709,21320619733,2022-01-02T23:30:14.000+01:00,03.01.2022.,03.01.2022.,"03.01.2022 12:36:00","02.01.2022 23:30:14"
171014,"JugoExsim d.o.o. Beograd-Novi Beograd",109465772,03.01.2022.,2022-01-03T17:10:15.098+01:00,NaplataPutarine,35BAG946,2022-01-03T17:10:14.000+01:00,"Preljina - Lajkovac",,1600,2022-01-03T17:10:14.000+01:00,562098709,21320619733,2022-01-03T16:21:36.000+01:00,03.01.2022.,03.01.2022.,"03.01.2022 17:10:14","03.01.2022 16:21:36"
171014,"JugoExsim d.o.o. Beograd-Novi Beograd",109465772,03.01.2022.,2022-01-03T20:19:25.537+01:00,NaplataPutarine,M701PY60,2022-01-03T20:19:22.000+01:00,"Preševo - Pojate",,5110,2022-01-03T20:19:22.000+01:00,563907955,21390362115,2022-01-03T17:25:22.000+01:00,03.01.2022.,03.01.2022.,"03.01.2022 20:19:22","03.01.2022 17:25:22"
171014,"JugoExsim d.o.o. Beograd-Novi Beograd",109465772,03.01.2022.,2022-01-03T11:50:19.288+01:00,NaplataPutarine,34BMZ244,2022-01-03T11:50:14.000+01:00,"Dimitrovgrad - Beograd",,7860,2022-01-03T11:50:14.000+01:00,563908791,21390370472,2022-01-03T08:14:06.000+01:00,03.01.2022.,03.01.2022.,"03.01.2022 11:50:14","03.01.2022 08:14:06"
171014,"JugoExsim d.o.o. Beograd-Novi Beograd",109465772,03.01.2022.,2022-01-03T13:35:48.122+01:00,NaplataPutarine,34BMZ244,2022-01-03T13:35:42.000+01:00,"Beograd - Mali Požarevac",,460,2022-01-03T13:35:42.000+01:00,563908791,21390370472,2022-01-03T13:25:18.000+01:00,03.01.2022.,03.01.2022.,"03.01.2022 13:35:42","03.01.2022 13:25:18"
171014,"JugoExsim d.o.o. Beograd-Novi Beograd",109465772,03.01.2022.,2022-01-03T13:54:17.246+01:00,NaplataPutarine,34BMZ244,2022-01-03T13:54:14.000+01:00,"Mali Požarevac - Beograd",,460,2022-01-03T13:54:14.000+01:00,563908791,21390370472,2022-01-03T13:44:10.000+01:00,03.01.2022.,03.01.2022.,"03.01.2022 13:54:14","03.01.2022 13:44:10"
171014,"JugoExsim d.o.o. Beograd-Novi Beograd",109465772,03.01.2022.,2022-01-03T15:38:12.753+01:00,NaplataPutarine,14FB455,2022-01-03T15:38:08.000+01:00,"Šid - Šimanovci",,2580,2022-01-03T15:38:08.000+01:00,563908816,21390370720,2022-01-03T14:45:52.000+01:00,03.01.2022.,03.01.2022.,"03.01.2022 15:38:08","03.01.2022 14:45:52"
171014,"JugoExsim d.o.o. Beograd-Novi Beograd",109465772,03.01.2022.,2022-01-03T20:31:10.126+01:00,NaplataPutarine,14FB455,2022-01-03T20:31:04.000+01:00,"Beograd - Niš Malča",,5690,2022-01-03T20:31:04.000+01:00,563908816,21390370720,2022-01-03T16:24:46.000+01:00,03.01.2022.,03.01.2022.,"03.01.2022 20:31:04","03.01.2022 16:24:46"
171014,"JugoExsim d.o.o. Beograd-Novi Beograd",109465772,03.01.2022.,2022-01-03T23:43:17.260+01:00,NaplataPutarine,06FL6486,2022-01-03T23:43:10.000+01:00,"Dimitrovgrad - Pojate",,4050,2022-01-03T23:43:10.000+01:00,563909694,21390379507,2022-01-03T21:54:34.000+01:00,03.01.2022.,03.01.2022.,"03.01.2022 23:43:10","03.01.2022 21:54:34"
